timestamp,epoch,elapsed_s,phase,node,roles,cpu_percent,load_1m,load_5m,load_15m,ram_percent,heap_percent,heap_used_bytes,heap_max_bytes,disk_used_percent,young_gc_count,young_gc_millis,old_gc_count,old_gc_millis,indexing_index_total,indexing_current,indexing_time_millis,indexing_rate_per_s,search_query_total,search_query_current,search_query_time_millis,search_rate_per_s,search_latency_ms_avg,merges_current,refresh_total,docs_count,store_size_bytes,search_pool_active,search_pool_queue,search_pool_rejected,write_pool_active,write_pool_queue,write_pool_rejected
2026-07-28T23:26:31-04:00,1785295591.074,4.2,baseline,03630dbf8bbeb4b9593591c3d088c86a,dir,9,0.66,0.86,1.03,97,39,802025752,2013265920,17.42,45807,20627660,0,0,2798796,0,4673887,,669016,0,9443351,,14.12,0,1479616,1703902,2711569869,0,0,0,0,0,0
2026-07-28T23:26:31-04:00,1785295591.074,4.2,baseline,2b48e7468691103c7d0719a1e8eba6b8,mr,1,0.6,0.43,0.42,95,69,1391434680,2013265920,32.16,33953,9490470,0,0,0,0,0,,0,0,0,,,0,0,0,0,0,0,0,0,0,0
2026-07-28T23:26:31-04:00,1785295591.074,4.2,baseline,926f51bc44e9afb28bd9f4eff0246612,mr,4,0.67,0.56,0.52,96,25,513939032,2013265920,32.07,24871,10775365,0,0,0,0,0,,0,0,0,,,0,0,0,0,0,0,0,0,0,0
2026-07-28T23:26:31-04:00,1785295591.074,4.2,baseline,c8b55bedfd9f0fe3807e0750eda622d5,dir,5,0.82,1.22,1.39,97,26,529745672,2013265920,17.36,47624,22439296,0,0,2777738,0,5299193,,620350,0,8318462,,13.41,0,1343930,1703430,2701157878,0,0,0,0,0,0
2026-07-28T23:26:31-04:00,1785295591.074,4.2,baseline,d1f93aa0cf46f30b50b7c808d9b97f45,mr,2,0.34,0.48,0.52,95,37,753745392,2013265920,31.53,42349,16756478,0,0,0,0,0,,0,0,0,,,0,0,0,0,0,0,0,0,0,0
2026-07-28T23:26:31-04:00,1785295591.074,4.2,baseline,d4bf7949f79fd89363109b965457f2c4,dir,8,1.11,1.59,1.48,97,55,1114067392,2013265920,11.65,43748,21024200,0,0,1875295,0,3676174,,457420,0,6540070,,14.3,0,994845,1134729,1807183601,0,0,0,0,0,0
2026-07-28T23:26:31-04:00,1785295591.074,4.2,baseline,f079abb8520cc2abe929aef1be71de3a,dir,23,1.01,1.65,1.91,97,37,764814360,2013265920,11.55,56878,30052496,0,0,1874162,1,4173880,,525764,0,10106278,,19.22,0,1134198,1135200,1792391245,0,0,0,0,0,0
2026-07-28T23:27:34-04:00,1785295654.84,68.0,baseline,03630dbf8bbeb4b9593591c3d088c86a,dir,6,0.42,0.73,0.98,97,46,942534936,2013265920,17.42,45807,20627660,0,0,2798796,0,4673887,0.0,669028,0,9443642,0.19,14.12,0,1479616,1703902,2711569869,0,0,0,0,0,0
2026-07-28T23:27:34-04:00,1785295654.84,68.0,baseline,2b48e7468691103c7d0719a1e8eba6b8,mr,1,0.22,0.35,0.39,96,72,1460640696,2013265920,32.21,33953,9490470,0,0,0,0,0,0.0,0,0,0,0.0,,0,0,0,0,0,0,0,0,0,0
2026-07-28T23:27:34-04:00,1785295654.84,68.0,baseline,926f51bc44e9afb28bd9f4eff0246612,mr,8,0.25,0.45,0.48,97,28,583145048,2013265920,32.12,24871,10775365,0,0,0,0,0,0.0,0,0,0,0.0,,0,0,0,0,0,0,0,0,0,0
2026-07-28T23:27:34-04:00,1785295654.84,68.0,baseline,c8b55bedfd9f0fe3807e0750eda622d5,dir,15,1.12,1.25,1.38,97,24,501146440,2013265920,17.36,47626,22440588,0,0,2777738,0,5299193,0.0,620374,0,8319806,0.38,13.41,0,1343930,1703430,2701157878,0,0,0,0,0,0
2026-07-28T23:27:34-04:00,1785295654.84,68.0,baseline,d1f93aa0cf46f30b50b7c808d9b97f45,mr,2,0.27,0.44,0.5,97,42,847068656,2013265920,31.56,42349,16756478,0,0,0,0,0,0.0,0,0,0,0.0,,0,0,0,0,0,0,0,0,0,0
2026-07-28T23:27:34-04:00,1785295654.84,68.0,baseline,d4bf7949f79fd89363109b965457f2c4,dir,10,0.84,1.44,1.44,97,61,1243042232,2013265920,11.65,43748,21024200,0,0,1875295,0,3676174,0.0,457428,0,6540260,0.13,14.3,0,994845,1134729,1807183601,0,0,0,0,0,0
2026-07-28T23:27:34-04:00,1785295654.84,68.0,baseline,f079abb8520cc2abe929aef1be71de3a,dir,23,0.68,1.43,1.81,97,46,932586520,2013265920,11.55,56878,30052496,0,0,1874162,1,4173880,0.0,525780,0,10107015,0.25,19.22,0,1134198,1135200,1792391245,0,0,0,0,0,0
2026-07-28T23:28:39-04:00,1785295719.52,132.6,baseline,03630dbf8bbeb4b9593591c3d088c86a,dir,4,0.71,0.73,0.96,97,54,1087238424,2013265920,17.42,45807,20627660,0,0,2798796,0,4673887,0.0,669043,0,9444514,0.23,14.12,0,1479616,1703902,2711569869,0,0,0,0,0,0
2026-07-28T23:28:39-04:00,1785295719.52,132.6,baseline,2b48e7468691103c7d0719a1e8eba6b8,mr,1,0.07,0.28,0.36,95,16,327860976,2013265920,32.26,33954,9490961,0,0,0,0,0,0.0,0,0,0,0.0,,0,0,0,0,0,0,0,0,0,0
2026-07-28T23:28:39-04:00,1785295719.52,132.6,baseline,926f51bc44e9afb28bd9f4eff0246612,mr,2,0.23,0.42,0.47,97,32,652351064,2013265920,32.16,24871,10775365,0,0,0,0,0,0.0,0,0,0,0.0,,0,0,0,0,0,0,0,0,0,0
2026-07-28T23:28:39-04:00,1785295719.52,132.6,baseline,c8b55bedfd9f0fe3807e0750eda622d5,dir,4,1.0,1.2,1.36,97,33,672064328,2013265920,17.36,47626,22440588,0,0,2777738,0,5299193,0.0,620395,0,8320156,0.32,13.41,0,1343930,1703430,2701157878,0,0,0,0,0,0
2026-07-28T23:28:39-04:00,1785295719.52,132.6,baseline,d1f93aa0cf46f30b50b7c808d9b97f45,mr,2,0.17,0.38,0.47,96,46,943537648,2013265920,31.59,42349,16756478,0,0,0,0,0,0.0,0,0,0,0.0,,0,0,0,0,0,0,0,0,0,0
2026-07-28T23:28:39-04:00,1785295719.52,132.6,baseline,d4bf7949f79fd89363109b965457f2c4,dir,7,0.78,1.32,1.39,97,24,485885560,2013265920,11.65,43749,21024857,0,0,1875295,0,3676174,0.0,457438,0,6540567,0.15,14.3,0,994845,1134729,1807183601,0,0,0,0,0,0
2026-07-28T23:28:39-04:00,1785295719.52,132.6,baseline,f079abb8520cc2abe929aef1be71de3a,dir,9,0.82,1.37,1.77,97,54,1100358680,2013265920,11.55,56878,30052496,0,0,1874162,1,4173880,0.0,525794,0,10107344,0.22,19.22,0,1134198,1135200,1792391245,0,0,0,0,0,0
2026-07-28T23:29:43-04:00,1785295783.393,196.5,baseline,03630dbf8bbeb4b9593591c3d088c86a,dir,7,0.79,0.73,0.94,97,62,1261302040,2013265920,17.42,45807,20627660,0,0,2798796,0,4673887,0.0,669061,0,9445184,0.28,14.12,0,1479616,1703902,2711569869,0,0,0,0,0,0
2026-07-28T23:29:43-04:00,1785295783.393,196.5,baseline,2b48e7468691103c7d0719a1e8eba6b8,mr,1,0.24,0.28,0.36,97,15,305332752,2013265920,32.31,33955,9491580,0,0,0,0,0,0.0,0,0,0,0.0,,0,0,0,0,0,0,0,0,0,0
2026-07-28T23:29:43-04:00,1785295783.393,196.5,baseline,926f51bc44e9afb28bd9f4eff0246612,mr,2,0.08,0.33,0.43,96,35,720508504,2013265920,32.21,24871,10775365,0,0,0,0,0,0.0,0,0,0,0.0,,0,0,0,0,0,0,0,0,0,0
2026-07-28T23:29:43-04:00,1785295783.393,196.5,baseline,c8b55bedfd9f0fe3807e0750eda622d5,dir,62,1.3,1.25,1.36,97,40,824107848,2013265920,17.36,47626,22440588,0,0,2777738,0,5299193,0.0,620413,0,8321145,0.28,13.41,0,1343930,1703430,2701157878,0,0,0,0,0,0
2026-07-28T23:29:43-04:00,1785295783.393,196.5,baseline,d1f93aa0cf46f30b50b7c808d9b97f45,mr,2,0.12,0.32,0.45,97,51,1042103792,2013265920,31.61,42349,16756478,0,0,0,0,0,0.0,0,0,0,0.0,,0,0,0,0,0,0,0,0,0,0
2026-07-28T23:29:43-04:00,1785295783.393,196.5,baseline,d4bf7949f79fd89363109b965457f2c4,dir,4,0.61,1.18,1.34,97,26,532886568,2013265920,11.65,43750,21025434,0,0,1875295,0,3676174,0.0,457450,0,6540796,0.19,14.3,0,994845,1134729,1807183601,0,0,0,0,0,0
2026-07-28T23:29:43-04:00,1785295783.393,196.5,baseline,f079abb8520cc2abe929aef1be71de3a,dir,6,0.47,1.16,1.67,97,61,1241916440,2013265920,11.55,56878,30052496,0,0,1874162,1,4173880,0.0,525806,0,10107623,0.19,19.22,0,1134198,1135200,1792391245,0,0,0,0,0,0
2026-07-28T23:30:47-04:00,1785295847.471,260.6,baseline,03630dbf8bbeb4b9593591c3d088c86a,dir,4,1.77,1.07,1.04,97,71,1438511384,2013265920,17.42,45807,20627660,0,0,2798796,0,4673887,0.0,669076,0,9445803,0.23,14.12,0,1479616,1703902,2711569869,0,0,0,0,0,0
2026-07-28T23:30:47-04:00,1785295847.471,260.6,baseline,2b48e7468691103c7d0719a1e8eba6b8,mr,2,0.58,0.4,0.39,97,19,383975952,2013265920,32.15,33955,9491580,0,0,0,0,0,0.0,0,0,0,0.0,,0,0,0,0,0,0,0,0,0,0
2026-07-28T23:30:47-04:00,1785295847.471,260.6,baseline,926f51bc44e9afb28bd9f4eff0246612,mr,2,0.41,0.4,0.45,96,39,798103128,2013265920,32.06,24871,10775365,0,0,0,0,0,0.0,0,0,0,0.0,,0,0,0,0,0,0,0,0,0,0
2026-07-28T23:30:47-04:00,1785295847.471,260.6,baseline,c8b55bedfd9f0fe3807e0750eda622d5,dir,16,1.99,1.47,1.43,97,24,487303168,2013265920,17.36,47627,22442092,0,0,2777738,0,5299193,0.0,620428,0,8322742,0.23,13.41,0,1343930,1703430,2701157878,0,0,0,0,0,0
2026-07-28T23:30:47-04:00,1785295847.471,260.6,baseline,d1f93aa0cf46f30b50b7c808d9b97f45,mr,6,0.24,0.33,0.44,96,56,1145912816,2013265920,31.52,42349,16756478,0,0,0,0,0,0.0,0,0,0,0.0,,0,0,0,0,0,0,0,0,0,0
2026-07-28T23:30:47-04:00,1785295847.471,260.6,baseline,d4bf7949f79fd89363109b965457f2c4,dir,4,1.55,1.41,1.41,97,33,670250024,2013265920,11.65,43750,21025434,0,0,1875295,0,3676174,0.0,457460,0,6541337,0.16,14.3,0,994845,1134729,1807183601,0,0,0,0,0,0
2026-07-28T23:30:47-04:00,1785295847.471,260.6,baseline,f079abb8520cc2abe929aef1be71de3a,dir,10,1.05,1.26,1.67,97,68,1378231320,2013265920,11.55,56878,30052496,0,0,1874162,1,4173880,0.0,525816,0,10108348,0.16,19.22,0,1134198,1135200,1792391245,0,0,0,0,0,0
2026-07-28T23:31:51-04:00,1785295911.698,324.8,baseline,03630dbf8bbeb4b9593591c3d088c86a,dir,5,1.23,1.07,1.04,96,27,551706520,2013265920,17.42,45808,20628348,0,0,2798796,0,4673887,0.0,669085,0,9446026,0.14,14.12,0,1479616,1703902,2711569869,0,0,0,0,0,0
2026-07-28T23:31:51-04:00,1785295911.698,324.8,baseline,2b48e7468691103c7d0719a1e8eba6b8,mr,1,0.23,0.33,0.37,97,22,456327696,2013265920,32.19,33955,9491580,0,0,0,0,0,0.0,0,0,0,0.0,,0,0,0,0,0,0,0,0,0,0
2026-07-28T23:31:51-04:00,1785295911.698,324.8,baseline,926f51bc44e9afb28bd9f4eff0246612,mr,1,0.13,0.32,0.42,95,43,866260568,2013265920,32.11,24871,10775365,0,0,0,0,0,0.0,0,0,0,0.0,,0,0,0,0,0,0,0,0,0,0
2026-07-28T23:31:51-04:00,1785295911.698,324.8,baseline,c8b55bedfd9f0fe3807e0750eda622d5,dir,2,2.17,1.63,1.49,97,25,521863192,2013265920,17.36,47628,22442831,0,0,2777738,0,5299193,0.0,620443,0,8324287,0.23,13.42,0,1343930,1703430,2701157878,0,0,0,0,0,0
2026-07-28T23:31:51-04:00,1785295911.698,324.8,baseline,d1f93aa0cf46f30b50b7c808d9b97f45,mr,1,0.09,0.27,0.41,97,61,1235041776,2013265920,31.55,42349,16756478,0,0,0,0,0,0.0,0,0,0,0.0,,0,0,0,0,0,0,0,0,0,0
2026-07-28T23:31:51-04:00,1785295911.698,324.8,baseline,d4bf7949f79fd89363109b965457f2c4,dir,8,1.6,1.51,1.45,97,25,508444152,2013265920,11.65,43751,21026500,0,0,1875295,0,3676174,0.0,457466,0,6542179,0.09,14.3,0,994845,1134729,1807183601,0,0,0,0,0,0
2026-07-28T23:31:51-04:00,1785295911.698,324.8,baseline,f079abb8520cc2abe929aef1be71de3a,dir,12,1.3,1.33,1.67,97,25,506980416,2013265920,11.55,56879,30053384,0,0,1874162,1,4173880,0.0,525826,0,10108759,0.16,19.22,0,1134198,1135200,1792391245,0,0,0,0,0,0
2026-07-28T23:32:57-04:00,1785295977.003,390.1,baseline,03630dbf8bbeb4b9593591c3d088c86a,dir,5,0.81,1.0,1.02,97,36,727867288,2013265920,17.42,45808,20628348,0,0,2798796,0,4673887,0.0,669103,0,9446422,0.28,14.12,0,1479616,1703902,2711569869,0,0,0,0,0,0
2026-07-28T23:32:57-04:00,1785295977.003,390.1,baseline,2b48e7468691103c7d0719a1e8eba6b8,mr,1,0.16,0.3,0.35,96,26,525533712,2013265920,32.24,33955,9491580,0,0,0,0,0,0.0,0,0,0,0.0,,0,0,0,0,0,0,0,0,0,0
2026-07-28T23:32:57-04:00,1785295977.003,390.1,baseline,926f51bc44e9afb28bd9f4eff0246612,mr,1,0.04,0.25,0.38,96,46,933369432,2013265920,32.15,24871,10775365,0,0,0,0,0,0.0,0,0,0,0.0,,0,0,0,0,0,0,0,0,0,0
2026-07-28T23:32:57-04:00,1785295977.003,390.1,baseline,c8b55bedfd9f0fe3807e0750eda622d5,dir,20,0.99,1.41,1.42,97,23,480126896,2013265920,17.36,47630,22443586,0,0,2777738,0,5299193,0.0,620461,0,8326293,0.28,13.42,0,1343930,1703430,2701157878,0,0,0,0,0,0
2026-07-28T23:32:57-04:00,1785295977.003,390.1,baseline,d1f93aa0cf46f30b50b7c808d9b97f45,mr,2,0.25,0.27,0.4,96,66,1333607920,2013265920,31.58,42349,16756478,0,0,0,0,0,0.0,0,0,0,0.0,,0,0,0,0,0,0,0,0,0,0
2026-07-28T23:32:57-04:00,1785295977.003,390.1,baseline,d4bf7949f79fd89363109b965457f2c4,dir,6,1.13,1.41,1.42,94,22,444422816,2013265920,11.65,43753,21027653,0,0,1875295,0,3676174,0.0,457478,0,6543981,0.18,14.3,0,994845,1134729,1807183601,0,0,0,0,0,0
2026-07-28T23:32:57-04:00,1785295977.003,390.1,baseline,f079abb8520cc2abe929aef1be71de3a,dir,12,1.45,1.41,1.68,97,27,559197408,2013265920,11.55,56880,30053396,0,0,1874162,1,4173880,0.0,525838,0,10109967,0.18,19.23,0,1134198,1135200,1792391245,0,0,0,0,0,0
2026-07-28T23:34:00-04:00,1785296040.807,453.9,baseline,03630dbf8bbeb4b9593591c3d088c86a,dir,2,0.78,0.99,1.02,97,43,870473624,2013265920,17.42,45808,20628348,0,0,2798796,0,4673887,0.0,669121,0,9447014,0.28,14.12,0,1479616,1703902,2711569869,0,0,0,0,0,0
2026-07-28T23:34:00-04:00,1785296040.807,453.9,baseline,2b48e7468691103c7d0719a1e8eba6b8,mr,1,0.14,0.27,0.34,97,29,595788304,2013265920,32.29,33955,9491580,0,0,0,0,0,0.0,0,0,0,0.0,,0,0,0,0,0,0,0,0,0,0
2026-07-28T23:34:00-04:00,1785296040.807,453.9,baseline,926f51bc44e9afb28bd9f4eff0246612,mr,1,0.01,0.2,0.36,96,49,1001526872,2013265920,32.19,24871,10775365,0,0,0,0,0,0.0,0,0,0,0.0,,0,0,0,0,0,0,0,0,0,0
2026-07-28T23:34:00-04:00,1785296040.807,453.9,baseline,c8b55bedfd9f0fe3807e0750eda622d5,dir,2,0.43,1.16,1.33,97,27,547596280,2013265920,17.36,47631,22443612,0,0,2777738,0,5299193,0.0,620479,0,8326710,0.28,13.42,0,1343930,1703430,2701157878,0,0,0,0,0,0
2026-07-28T23:34:00-04:00,1785296040.807,453.9,baseline,d1f93aa0cf46f30b50b7c808d9b97f45,mr,2,0.12,0.23,0.37,96,70,1425882608,2013265920,31.61,42349,16756478,0,0,0,0,0,0.0,0,0,0,0.0,,0,0,0,0,0,0,0,0,0,0
2026-07-28T23:34:00-04:00,1785296040.807,453.9,baseline,d4bf7949f79fd89363109b965457f2c4,dir,7,0.82,1.29,1.38,97,23,464491832,2013265920,11.65,43754,21027679,0,0,1875295,0,3676174,0.0,457490,0,6544262,0.19,14.3,0,994845,1134729,1807183601,0,0,0,0,0,0
2026-07-28T23:34:00-04:00,1785296040.807,453.9,baseline,f079abb8520cc2abe929aef1be71de3a,dir,37,1.63,1.49,1.69,96,35,721726688,2013265920,11.55,56880,30053396,0,0,1874162,1,4173880,0.0,525850,0,10111072,0.19,19.23,0,1134198,1135200,1792391245,0,0,0,0,0,0
2026-07-28T23:35:04-04:00,1785296104.897,518.0,baseline,03630dbf8bbeb4b9593591c3d088c86a,dir,98,2.11,1.29,1.12,97,54,1095917464,2013265920,17.42,45808,20628348,0,0,2798796,0,4673887,0.0,669142,0,9447606,0.33,14.12,0,1479616,1703902,2711569869,0,0,0,0,0,0
2026-07-28T23:35:04-04:00,1785296104.897,518.0,baseline,2b48e7468691103c7d0719a1e8eba6b8,mr,100,0.05,0.21,0.31,97,32,663945744,2013265920,32.12,33955,9491580,0,0,0,0,0,0.0,0,0,0,0.0,,0,0,0,0,0,0,0,0,0,0
2026-07-28T23:35:04-04:00,1785296104.897,518.0,baseline,926f51bc44e9afb28bd9f4eff0246612,mr,100,0.0,0.16,0.33,97,53,1071781464,2013265920,32.24,24871,10775365,0,0,0,0,0,0.0,0,0,0,0.0,,0,0,0,0,0,0,0,0,0,0
2026-07-28T23:35:04-04:00,1785296104.897,518.0,baseline,c8b55bedfd9f0fe3807e0750eda622d5,dir,100,0.64,1.1,1.3,97,32,654551032,2013265920,17.36,47631,22443612,0,0,2777738,0,5299193,0.0,620494,0,8326800,0.23,13.42,0,1343930,1703430,2701157878,0,0,0,0,0,0
2026-07-28T23:35:04-04:00,1785296104.897,518.0,baseline,d1f93aa0cf46f30b50b7c808d9b97f45,mr,100,1.78,0.57,0.47,96,18,365080368,2013265920,31.52,42350,16757034,0,0,0,0,0,0.0,0,0,0,0.0,,0,0,0,0,0,0,0,0,0,0
2026-07-28T23:35:04-04:00,1785296104.897,518.0,baseline,d4bf7949f79fd89363109b965457f2c4,dir,100,2.47,1.62,1.48,97,26,538950640,2013265920,11.65,43755,21027702,0,0,1875295,0,3676174,0.0,457504,0,6545154,0.22,14.31,0,994845,1134729,1807183601,0,0,0,0,0,0
2026-07-28T23:35:04-04:00,1785296104.897,518.0,baseline,f079abb8520cc2abe929aef1be71de3a,dir,100,2.72,1.76,1.77,97,41,829730016,2013265920,11.55,56880,30053396,0,0,1874162,1,4173880,0.0,525860,0,10111435,0.16,19.23,0,1134198,1135200,1792391245,0,0,0,0,0,0
2026-07-28T23:36:10-04:00,1785296170.94,584.1,baseline,03630dbf8bbeb4b9593591c3d088c86a,dir,34,1.49,1.21,1.1,94,63,1276272536,2013265920,17.42,45808,20628348,0,0,2798796,0,4673887,0.0,669163,0,9448470,0.32,14.12,0,1479616,1703902,2711569869,0,0,0,0,0,0
2026-07-28T23:36:10-04:00,1785296170.94,584.1,baseline,2b48e7468691103c7d0719a1e8eba6b8,mr,10,0.93,0.39,0.37,95,37,752026128,2013265920,32.17,33955,9491580,0,0,0,0,0,0.0,0,0,0,0.0,,0,0,0,0,0,0,0,0,0,0
2026-07-28T23:36:10-04:00,1785296170.94,584.1,baseline,926f51bc44e9afb28bd9f4eff0246612,mr,23,0.29,0.26,0.36,95,57,1157764696,2013265920,32.09,24871,10775365,0,0,0,0,0,0.0,0,0,0,0.0,,0,0,0,0,0,0,0,0,0,0
2026-07-28T23:36:10-04:00,1785296170.94,584.1,baseline,c8b55bedfd9f0fe3807e0750eda622d5,dir,36,2.17,1.51,1.43,97,22,461857792,2013265920,17.36,47633,22445497,0,0,2777738,0,5299193,0.0,620509,0,8330877,0.23,13.43,0,1343930,1703430,2701157878,0,0,0,0,0,0
2026-07-28T23:36:10-04:00,1785296170.94,584.1,baseline,d1f93aa0cf46f30b50b7c808d9b97f45,mr,29,1.58,0.72,0.53,97,18,376490496,2013265920,31.55,42351,16757631,0,0,0,0,0,0.0,0,0,0,0.0,,0,0,0,0,0,0,0,0,0,0
2026-07-28T23:36:10-04:00,1785296170.94,584.1,baseline,d4bf7949f79fd89363109b965457f2c4,dir,32,1.64,1.53,1.46,97,34,694139888,2013265920,11.65,43755,21027702,0,0,1875295,0,3676174,0.0,457518,0,6545654,0.21,14.31,0,994845,1134729,1807183601,0,0,0,0,0,0
2026-07-28T23:36:10-04:00,1785296170.94,584.1,baseline,f079abb8520cc2abe929aef1be71de3a,dir,37,2.18,1.79,1.78,97,49,987016416,2013265920,11.55,56880,30053396,0,0,1874162,1,4173880,0.0,525870,0,10112934,0.15,19.23,0,1134198,1135200,1792391245,0,0,0,0,0,0
2026-07-28T23:37:19-04:00,1785296239.617,652.8,baseline,03630dbf8bbeb4b9593591c3d088c86a,dir,6,0.8,1.06,1.05,97,73,1482842008,2013265920,17.42,45808,20628348,0,0,2798796,0,4673887,0.0,669184,0,9449161,0.31,14.12,0,1479616,1703902,2711569869,0,0,0,0,0,0
2026-07-28T23:37:19-04:00,1785296239.617,652.8,baseline,2b48e7468691103c7d0719a1e8eba6b8,mr,6,0.85,0.45,0.39,95,41,829620752,2013265920,32.23,33955,9491580,0,0,0,0,0,0.0,0,0,0,0.0,,0,0,0,0,0,0,0,0,0,0
2026-07-28T23:37:19-04:00,1785296239.617,652.8,baseline,926f51bc44e9afb28bd9f4eff0246612,mr,8,0.09,0.2,0.33,96,60,1228019288,2013265920,32.14,24871,10775365,0,0,0,0,0,0.0,0,0,0,0.0,,0,0,0,0,0,0,0,0,0,0
2026-07-28T23:37:19-04:00,1785296239.617,652.8,baseline,c8b55bedfd9f0fe3807e0750eda622d5,dir,7,0.91,1.3,1.37,97,24,498778584,2013265920,17.36,47634,22445676,0,0,2777738,0,5299193,0.0,620524,0,8331642,0.22,13.43,0,1343930,1703430,2701157878,0,0,0,0,0,0
2026-07-28T23:37:19-04:00,1785296239.617,652.8,baseline,d1f93aa0cf46f30b50b7c808d9b97f45,mr,3,1.24,0.76,0.55,97,19,393656760,2013265920,31.58,42352,16757665,0,0,0,0,0,0.0,0,0,0,0.0,,0,0,0,0,0,0,0,0,0,0
2026-07-28T23:37:19-04:00,1785296239.617,652.8,baseline,d4bf7949f79fd89363109b965457f2c4,dir,5,1.01,1.4,1.42,97,42,851426288,2013265920,11.65,43755,21027702,0,0,1875295,0,3676174,0.0,457532,0,6546358,0.2,14.31,0,994845,1134729,1807183601,0,0,0,0,0,0
2026-07-28T23:37:19-04:00,1785296239.617,652.8,baseline,f079abb8520cc2abe929aef1be71de3a,dir,12,1.34,1.6,1.71,97,55,1113894112,2013265920,11.55,56880,30053396,0,0,1874162,1,4173880,0.0,525880,0,10113567,0.15,19.23,0,1134198,1135200,1792391245,0,0,0,0,0,0
2026-07-28T23:38:24-04:00,1785296304.069,717.2,baseline,03630dbf8bbeb4b9593591c3d088c86a,dir,19,1.38,1.18,1.09,97,23,481906272,2013265920,17.42,45810,20630267,0,0,2798796,0,4673887,0.0,669196,0,9454066,0.19,14.13,0,1479616,1703902,2711569869,0,0,0,0,0,0
2026-07-28T23:38:24-04:00,1785296304.069,717.2,baseline,2b48e7468691103c7d0719a1e8eba6b8,mr,5,0.74,0.48,0.4,95,44,895681040,2013265920,32.28,33955,9491580,0,0,0,0,0,0.0,0,0,0,0.0,,0,0,0,0,0,0,0,0,0,0
2026-07-28T23:38:24-04:00,1785296304.069,717.2,baseline,926f51bc44e9afb28bd9f4eff0246612,mr,5,0.43,0.27,0.34,96,64,1296176728,2013265920,32.18,24871,10775365,0,0,0,0,0,0.0,0,0,0,0.0,,0,0,0,0,0,0,0,0,0,0
2026-07-28T23:38:24-04:00,1785296304.069,717.2,baseline,c8b55bedfd9f0fe3807e0750eda622d5,dir,13,0.62,1.16,1.32,97,22,453999200,2013265920,17.36,47636,22445717,0,0,2777738,0,5299193,0.0,620542,0,8332523,0.28,13.43,0,1343930,1703430,2701157878,0,0,0,0,0,0
2026-07-28T23:38:24-04:00,1785296304.069,717.2,baseline,d1f93aa0cf46f30b50b7c808d9b97f45,mr,3,0.7,0.68,0.54,95,24,485931448,2013265920,31.61,42352,16757665,0,0,0,0,0,0.0,0,0,0,0.0,,0,0,0,0,0,0,0,0,0,0
2026-07-28T23:38:24-04:00,1785296304.069,717.2,baseline,d4bf7949f79fd89363109b965457f2c4,dir,6,1.1,1.37,1.41,97,47,962575336,2013265920,11.65,43755,21027702,0,0,1875295,0,3676174,0.0,457540,0,6547125,0.12,14.31,0,994845,1134729,1807183601,0,0,0,0,0,0
2026-07-28T23:38:24-04:00,1785296304.069,717.2,baseline,f079abb8520cc2abe929aef1be71de3a,dir,10,1.33,1.54,1.68,97,28,565927536,2013265920,11.55,56881,30054250,0,0,1874162,1,4173880,0.0,525892,0,10116703,0.19,19.24,0,1134198,1135200,1792391245,0,0,0,0,0,0
2026-07-28T23:39:28-04:00,1785296368.781,781.9,baseline,03630dbf8bbeb4b9593591c3d088c86a,dir,13,1.19,1.17,1.1,97,26,527941200,2013265920,17.42,45811,20630921,0,0,2798796,0,4673887,0.0,669211,0,9457143,0.23,14.13,0,1479616,1703902,2711569869,0,0,0,0,0,0
2026-07-28T23:39:28-04:00,1785296368.781,781.9,baseline,2b48e7468691103c7d0719a1e8eba6b8,mr,3,0.64,0.49,0.4,95,47,964887056,2013265920,32.32,33955,9491580,0,0,0,0,0,0.0,0,0,0,0.0,,0,0,0,0,0,0,0,0,0,0
2026-07-28T23:39:28-04:00,1785296368.781,781.9,baseline,926f51bc44e9afb28bd9f4eff0246612,mr,1,0.51,0.32,0.35,95,67,1363285592,2013265920,32.23,24871,10775365,0,0,0,0,0,0.0,0,0,0,0.0,,0,0,0,0,0,0,0,0,0,0
2026-07-28T23:39:28-04:00,1785296368.781,781.9,baseline,c8b55bedfd9f0fe3807e0750eda622d5,dir,2,0.28,0.95,1.23,97,23,482241232,2013265920,17.36,47637,22445749,0,0,2777738,0,5299193,0.0,620551,0,8332692,0.14,13.43,0,1343930,1703430,2701157878,0,0,0,0,0,0
2026-07-28T23:39:28-04:00,1785296368.781,781.9,baseline,d1f93aa0cf46f30b50b7c808d9b97f45,mr,1,0.73,0.69,0.55,96,28,579254712,2013265920,31.64,42352,16757665,0,0,0,0,0,0.0,0,0,0,0.0,,0,0,0,0,0,0,0,0,0,0
2026-07-28T23:39:28-04:00,1785296368.781,781.9,baseline,d4bf7949f79fd89363109b965457f2c4,dir,8,1.06,1.32,1.39,97,25,512880856,2013265920,11.65,43756,21028877,0,0,1875295,0,3676174,0.0,457550,0,6547754,0.15,14.31,0,994845,1134729,1807183601,0,0,0,0,0,0
2026-07-28T23:39:28-04:00,1785296368.781,781.9,baseline,f079abb8520cc2abe929aef1be71de3a,dir,13,4.78,2.46,1.98,97,28,569787472,2013265920,11.55,56882,30054852,0,0,1874162,1,4173880,0.0,525898,0,10117412,0.09,19.24,0,1134198,1135200,1792391245,0,0,0,0,0,0
2026-07-28T23:40:32-04:00,1785296432.459,845.6,baseline,03630dbf8bbeb4b9593591c3d088c86a,dir,1,1.57,1.28,1.14,96,23,480543744,2013265920,17.42,45813,20631012,0,0,2798796,0,4673887,0.0,669223,0,9458089,0.19,14.13,0,1479616,1703902,2711569869,0,0,0,0,0,0
2026-07-28T23:40:32-04:00,1785296432.459,845.6,baseline,2b48e7468691103c7d0719a1e8eba6b8,mr,1,1.52,0.75,0.49,95,51,1036190224,2013265920,32.16,33955,9491580,0,0,0,0,0,0.0,0,0,0,0.0,,0,0,0,0,0,0,0,0,0,0
2026-07-28T23:40:32-04:00,1785296432.459,845.6,baseline,926f51bc44e9afb28bd9f4eff0246612,mr,1,0.91,0.48,0.41,97,71,1432491608,2013265920,32.08,24871,10775365,0,0,0,0,0,0.0,0,0,0,0.0,,0,0,0,0,0,0,0,0,0,0
2026-07-28T23:40:32-04:00,1785296432.459,845.6,baseline,c8b55bedfd9f0fe3807e0750eda622d5,dir,5,1.36,1.14,1.27,97,27,544419360,2013265920,17.36,47638,22445795,0,0,2777738,0,5299193,0.0,620569,0,8334736,0.28,13.43,0,1343930,1703430,2701157878,0,0,0,0,0,0
2026-07-28T23:40:32-04:00,1785296432.459,845.6,baseline,d1f93aa0cf46f30b50b7c808d9b97f45,mr,2,1.0,0.77,0.59,95,33,673626552,2013265920,31.54,42352,16757665,0,0,0,0,0,0.0,0,0,0,0.0,,0,0,0,0,0,0,0,0,0,0
2026-07-28T23:40:32-04:00,1785296432.459,845.6,baseline,d4bf7949f79fd89363109b965457f2c4,dir,10,1.85,1.52,1.45,97,21,436342432,2013265920,11.65,43758,21029927,0,0,1875295,0,3676174,0.0,457558,0,6548642,0.13,14.31,0,994845,1134729,1807183601,0,0,0,0,0,0
2026-07-28T23:40:32-04:00,1785296432.459,845.6,baseline,f079abb8520cc2abe929aef1be71de3a,dir,24,4.56,2.82,2.13,95,25,511247744,2013265920,11.55,56884,30057093,0,0,1874162,1,4173880,0.0,525910,0,10125537,0.19,19.25,0,1134198,1135200,1792391245,0,0,0,0,0,0
2026-07-28T23:41:36-04:00,1785296496.635,909.8,rebuilding,03630dbf8bbeb4b9593591c3d088c86a,dir,10,0.93,1.15,1.1,97,34,693404672,2013265920,17.42,45813,20631012,0,0,2798998,0,4674060,3.15,669238,0,9458589,0.23,14.13,0,1479626,1704508,2712075224,0,0,0,0,0,0
2026-07-28T23:41:36-04:00,1785296496.635,909.8,rebuilding,2b48e7468691103c7d0719a1e8eba6b8,mr,3,1.89,1.0,0.6,97,55,1123222032,2013265920,32.21,33955,9491580,0,0,0,0,0,0.0,0,0,0,0.0,,0,0,0,0,0,0,0,0,0,0
2026-07-28T23:41:36-04:00,1785296496.635,909.8,rebuilding,926f51bc44e9afb28bd9f4eff0246612,mr,3,0.83,0.55,0.43,95,15,315383856,2013265920,32.12,24872,10775887,0,0,0,0,0,0.0,0,0,0,0.0,,0,0,0,0,0,0,0,0,0,0
2026-07-28T23:41:36-04:00,1785296496.635,909.8,rebuilding,c8b55bedfd9f0fe3807e0750eda622d5,dir,6,0.94,1.07,1.24,97,37,763571744,2013265920,17.36,47638,22445795,0,0,2777833,0,5299288,1.48,620590,0,8335908,0.33,13.43,0,1343939,1703715,2701158294,0,0,0,0,0,0
2026-07-28T23:41:36-04:00,1785296496.635,909.8,rebuilding,d1f93aa0cf46f30b50b7c808d9b97f45,mr,3,0.67,0.73,0.58,97,39,803649976,2013265920,31.56,42352,16757665,0,0,0,0,0,0.0,0,0,0,0.0,,0,0,0,0,0,0,0,0,0,0
2026-07-28T23:41:36-04:00,1785296496.635,909.8,rebuilding,d4bf7949f79fd89363109b965457f2c4,dir,8,1.83,1.53,1.46,97,24,489830400,2013265920,11.65,43759,21029998,0,0,1875593,0,3676738,4.64,457568,0,6549153,0.16,14.31,0,994858,1134729,1807183809,0,0,0,0,0,0
2026-07-28T23:41:36-04:00,1785296496.635,909.8,rebuilding,f079abb8520cc2abe929aef1be71de3a,dir,15,2.5,2.54,2.08,97,37,756614528,2013265920,11.57,56884,30057093,0,0,1874467,1,4174071,4.75,525924,0,10125799,0.22,19.25,0,1134211,1135806,1792391661,0,0,0,0,0,0
2026-07-28T23:42:42-04:00,1785296562.871,976.0,rebuilding,03630dbf8bbeb4b9593591c3d088c86a,dir,7,0.86,1.12,1.09,97,25,504758800,2013265920,17.76,45815,20631536,0,0,2804151,0,4676755,77.8,669263,0,9459053,0.38,14.13,0,1479638,1708630,2728194016,0,0,0,0,0,0
2026-07-28T23:42:42-04:00,1785296562.871,976.0,rebuilding,2b48e7468691103c7d0719a1e8eba6b8,mr,2,1.1,0.99,0.62,96,59,1194525200,2013265920,32.26,33955,9491580,0,0,0,0,0,0.0,0,0,0,0.0,,0,0,0,0,0,0,0,0,0,0
2026-07-28T23:42:42-04:00,1785296562.871,976.0,rebuilding,926f51bc44e9afb28bd9f4eff0246612,mr,3,0.56,0.53,0.44,96,14,291272168,2013265920,32.17,24873,10776564,0,0,0,0,0,0.0,0,0,0,0.0,,0,0,0,0,0,0,0,0,0,0
2026-07-28T23:42:42-04:00,1785296562.871,976.0,rebuilding,c8b55bedfd9f0fe3807e0750eda622d5,dir,8,1.72,1.31,1.32,97,53,1074951576,2013265920,17.69,47640,22447932,0,0,2783231,0,5302181,81.5,620596,0,8337170,0.09,13.43,0,1343951,1708293,2717839226,0,0,0,0,0,0
2026-07-28T23:42:42-04:00,1785296562.871,976.0,rebuilding,d1f93aa0cf46f30b50b7c808d9b97f45,mr,2,0.54,0.69,0.58,96,44,903264696,2013265920,31.59,42352,16757665,0,0,0,0,0,0.0,0,0,0,0.0,,0,0,0,0,0,0,0,0,0,0
2026-07-28T23:42:42-04:00,1785296562.871,976.0,rebuilding,d4bf7949f79fd89363109b965457f2c4,dir,13,1.95,1.62,1.49,97,24,486680576,2013265920,12.14,43763,21030471,0,0,1883395,2,3681064,117.79,457584,0,6550508,0.24,14.32,0,994878,1142280,1831800090,0,0,0,0,0,0
2026-07-28T23:42:42-04:00,1785296562.871,976.0,rebuilding,f079abb8520cc2abe929aef1be71de3a,dir,11,3.01,2.6,2.13,97,44,886988784,2013265920,12.05,56886,30057844,0,0,1882070,1,4178279,114.79,525930,0,10128278,0.09,19.26,0,1134229,1142337,1816985593,0,0,0,0,0,0
2026-07-28T23:43:46-04:00,1785296626.836,1040.0,rebuilding,03630dbf8bbeb4b9593591c3d088c86a,dir,5,1.45,1.27,1.15,97,62,1248330256,2013265920,18.13,45816,20631577,0,0,2810886,0,4680036,105.29,669288,0,9460755,0.39,14.14,0,1479638,1708630,2743747713,0,0,0,0,0,0
2026-07-28T23:43:46-04:00,1785296626.836,1040.0,rebuilding,2b48e7468691103c7d0719a1e8eba6b8,mr,3,0.65,0.89,0.62,96,62,1263731216,2013265920,32.3,33955,9491580,0,0,0,0,0,0.0,0,0,0,0.0,,0,0,0,0,0,0,0,0,0,0
2026-07-28T23:43:46-04:00,1785296626.836,1040.0,rebuilding,926f51bc44e9afb28bd9f4eff0246612,mr,2,0.53,0.55,0.45,96,17,360478184,2013265920,32.21,24873,10776564,0,0,0,0,0,0.0,0,0,0,0.0,,0,0,0,0,0,0,0,0,0,0
2026-07-28T23:43:46-04:00,1785296626.836,1040.0,rebuilding,c8b55bedfd9f0fe3807e0750eda622d5,dir,17,2.25,1.46,1.36,97,28,570439680,2013265920,18.08,47645,22448945,0,0,2789736,0,5304985,101.7,620608,0,8338389,0.19,13.44,0,1343951,1708293,2732578726,0,0,0,0,0,0
2026-07-28T23:43:46-04:00,1785296626.836,1040.0,rebuilding,d1f93aa0cf46f30b50b7c808d9b97f45,mr,3,0.74,0.75,0.61,96,49,992393656,2013265920,31.62,42352,16757665,0,0,0,0,0,0.0,0,0,0,0.0,,0,0,0,0,0,0,0,0,0,0
2026-07-28T23:43:46-04:00,1785296626.836,1040.0,rebuilding,d4bf7949f79fd89363109b965457f2c4,dir,6,2.16,1.78,1.56,97,28,567595520,2013265920,12.7,43765,21030993,0,0,1893205,0,3687108,153.37,457600,0,6551869,0.25,14.32,0,994878,1142280,1854742304,0,0,0,0,0,0
2026-07-28T23:43:46-04:00,1785296626.836,1040.0,rebuilding,f079abb8520cc2abe929aef1be71de3a,dir,8,1.46,2.23,2.03,97,45,915929072,2013265920,12.61,56888,30058794,0,0,1892164,1,4184245,157.81,525938,0,10129211,0.13,19.26,0,1134229,1142337,1840292624,0,0,0,0,0,0
2026-07-28T23:44:50-04:00,1785296690.426,1103.6,rebuilding,03630dbf8bbeb4b9593591c3d088c86a,dir,8,1.45,1.34,1.18,97,43,882950656,2013265920,18.47,45819,20632579,0,0,2816933,1,4683394,95.09,669297,0,9461866,0.14,14.14,0,1479638,1708630,2753955164,0,0,0,0,0,0
2026-07-28T23:44:50-04:00,1785296690.426,1103.6,rebuilding,2b48e7468691103c7d0719a1e8eba6b8,mr,1,0.56,0.85,0.62,95,66,1335034384,2013265920,32.35,33955,9491580,0,0,0,0,0,0.0,0,0,0,0.0,,0,0,0,0,0,0,0,0,0,0
2026-07-28T23:44:50-04:00,1785296690.426,1103.6,rebuilding,926f51bc44e9afb28bd9f4eff0246612,mr,2,0.4,0.52,0.45,96,16,334936544,2013265920,32.26,24874,10776627,0,0,0,0,0,0.0,0,0,0,0.0,,0,0,0,0,0,0,0,0,0,0
2026-07-28T23:44:50-04:00,1785296690.426,1103.6,rebuilding,c8b55bedfd9f0fe3807e0750eda622d5,dir,7,3.43,2.05,1.58,97,62,1258305536,2013265920,18.41,47645,22448945,0,0,2795703,1,5310681,93.84,620617,0,8340427,0.14,13.44,0,1343951,1708293,2747215219,0,0,0,0,0,0
2026-07-28T23:44:50-04:00,1785296690.426,1103.6,rebuilding,d1f93aa0cf46f30b50b7c808d9b97f45,mr,7,0.66,0.74,0.61,96,53,1084668344,2013265920,31.65,42352,16757665,0,0,0,0,0,0.0,0,0,0,0.0,,0,0,0,0,0,0,0,0,0,0
2026-07-28T23:44:50-04:00,1785296690.426,1103.6,rebuilding,d4bf7949f79fd89363109b965457f2c4,dir,8,1.9,1.82,1.59,97,66,1341182480,2013265920,13.2,43766,21031031,0,0,1902102,1,3692273,139.91,457606,0,6552752,0.09,14.32,0,994878,1142280,1870614200,0,0,0,0,0,0
2026-07-28T23:44:50-04:00,1785296690.426,1103.6,rebuilding,f079abb8520cc2abe929aef1be71de3a,dir,21,2.21,2.28,2.06,97,41,841480176,2013265920,13.12,56890,30058844,0,0,1901107,3,4189803,140.64,525944,0,10129771,0.09,19.26,0,1134229,1142337,1855304174,0,0,0,0,0,0
2026-07-28T23:46:08-04:00,1785296768.578,1181.7,rebuilding,03630dbf8bbeb4b9593591c3d088c86a,dir,20,2.49,1.61,1.28,97,31,627098112,2013265920,18.78,45821,20632896,0,0,2822155,0,4685677,66.82,669315,0,9462956,0.23,14.14,0,1479638,1708630,2770446002,0,0,0,0,0,0
2026-07-28T23:46:08-04:00,1785296768.578,1181.7,rebuilding,2b48e7468691103c7d0719a1e8eba6b8,mr,6,1.19,0.98,0.68,95,71,1430454800,2013265920,32.2,33955,9491580,0,0,0,0,0,0.0,0,0,0,0.0,,0,0,0,0,0,0,0,0,0,0
2026-07-28T23:46:08-04:00,1785296768.578,1181.7,rebuilding,926f51bc44e9afb28bd9f4eff0246612,mr,11,0.75,0.64,0.49,96,21,431405536,2013265920,32.12,24874,10776627,0,0,0,0,0,0.0,0,0,0,0.0,,0,0,0,0,0,0,0,0,0,0
2026-07-28T23:46:08-04:00,1785296768.578,1181.7,rebuilding,c8b55bedfd9f0fe3807e0750eda622d5,dir,31,3.4,2.33,1.71,97,40,823988240,2013265920,18.72,47649,22450368,0,0,2800922,0,5313986,66.78,620629,0,8342442,0.15,13.44,0,1343951,1708293,2759979870,0,0,0,0,0,0
2026-07-28T23:46:08-04:00,1785296768.578,1181.7,rebuilding,d1f93aa0cf46f30b50b7c808d9b97f45,mr,17,0.98,0.86,0.66,96,59,1207351736,2013265920,31.56,42352,16757665,0,0,0,0,0,0.0,0,0,0,0.0,,0,0,0,0,0,0,0,0,0,0
2026-07-28T23:46:08-04:00,1785296768.578,1181.7,rebuilding,d4bf7949f79fd89363109b965457f2c4,dir,23,2.6,2.23,1.76,97,60,1210304760,2013265920,13.68,43769,21031994,0,0,1909936,0,3698658,100.24,457618,0,6553749,0.15,14.32,0,994878,1142280,1895197981,0,0,0,0,0,0
2026-07-28T23:46:08-04:00,1785296768.578,1181.7,rebuilding,f079abb8520cc2abe929aef1be71de3a,dir,38,3.94,2.77,2.24,95,43,878636176,2013265920,13.59,56892,30060586,0,0,1908978,1,4195367,100.71,525952,0,10130813,0.1,19.26,0,1134229,1142337,1880494866,0,0,0,0,0,0
2026-07-28T23:47:13-04:00,1785296833.397,1246.5,rebuilding,03630dbf8bbeb4b9593591c3d088c86a,dir,11,1.72,1.6,1.3,97,67,1355858432,2013265920,19.1,45821,20632896,0,0,2827399,0,4687880,80.9,669336,0,9466489,0.32,14.14,0,1479638,1708630,2782362774,0,0,0,0,0,0
2026-07-28T23:47:13-04:00,1785296833.397,1246.5,rebuilding,2b48e7468691103c7d0719a1e8eba6b8,mr,1,0.66,0.85,0.65,95,14,298370128,2013265920,32.25,33956,9492103,0,0,0,0,0,0.0,0,0,0,0.0,,0,0,0,0,0,0,0,0,0,0
2026-07-28T23:47:13-04:00,1785296833.397,1246.5,rebuilding,926f51bc44e9afb28bd9f4eff0246612,mr,2,0.8,0.65,0.5,95,24,499562976,2013265920,32.16,24874,10776627,0,0,0,0,0,0.0,0,0,0,0.0,,0,0,0,0,0,0,0,0,0,0
2026-07-28T23:47:13-04:00,1785296833.397,1246.5,rebuilding,c8b55bedfd9f0fe3807e0750eda622d5,dir,31,1.68,2.02,1.65,96,28,582771968,2013265920,19.02,47650,22450980,0,0,2806094,0,5316034,79.79,620647,0,8343921,0.28,13.44,0,1343951,1708293,2771359205,0,0,0,0,0,0
2026-07-28T23:47:13-04:00,1785296833.397,1246.5,rebuilding,d1f93aa0cf46f30b50b7c808d9b97f45,mr,0,0.87,0.81,0.66,96,64,1301723576,2013265920,31.59,42352,16757665,0,0,0,0,0,0.0,0,0,0,0.0,,0,0,0,0,0,0,0,0,0,0
2026-07-28T23:47:13-04:00,1785296833.397,1246.5,rebuilding,d4bf7949f79fd89363109b965457f2c4,dir,21,2.98,2.46,1.88,96,56,1139691008,2013265920,14.13,43772,21033110,0,0,1917692,0,3704891,119.66,457632,0,6555736,0.22,14.33,0,994878,1142280,1912200879,0,0,0,0,0,0
2026-07-28T23:47:13-04:00,1785296833.397,1246.5,rebuilding,f079abb8520cc2abe929aef1be71de3a,dir,62,4.58,3.05,2.37,97,42,864436720,2013265920,14.05,56894,30061580,0,0,1916806,1,4201791,120.77,525964,0,10131724,0.19,19.26,0,1134229,1142337,1897746768,0,0,0,0,0,0
2026-07-28T23:48:18-04:00,1785296898.628,1311.8,rebuilding,03630dbf8bbeb4b9593591c3d088c86a,dir,21,1.82,1.63,1.33,96,50,1024646656,2013265920,19.4,45823,20636548,0,0,2832594,0,4693770,79.64,669345,0,9466489,0.14,14.14,0,1479638,1708630,2795386398,0,0,0,0,0,0
2026-07-28T23:48:18-04:00,1785296898.628,1311.8,rebuilding,2b48e7468691103c7d0719a1e8eba6b8,mr,5,0.7,0.79,0.64,95,18,368624720,2013265920,32.3,33956,9492103,0,0,0,0,0,0.0,0,0,0,0.0,,0,0,0,0,0,0,0,0,0,0
2026-07-28T23:48:18-04:00,1785296898.628,1311.8,rebuilding,926f51bc44e9afb28bd9f4eff0246612,mr,2,0.67,0.62,0.5,96,28,566671840,2013265920,32.21,24874,10776627,0,0,0,0,0,0.0,0,0,0,0.0,,0,0,0,0,0,0,0,0,0,0
2026-07-28T23:48:18-04:00,1785296898.628,1311.8,rebuilding,c8b55bedfd9f0fe3807e0750eda622d5,dir,25,4.06,2.6,1.87,97,51,1046240928,2013265920,19.32,47652,22451641,0,0,2811266,0,5318475,79.29,620662,0,8347272,0.23,13.45,0,1343951,1708293,2784059393,0,0,0,0,0,0
2026-07-28T23:48:18-04:00,1785296898.628,1311.8,rebuilding,d1f93aa0cf46f30b50b7c808d9b97f45,mr,2,0.98,0.82,0.67,96,69,1398192568,2013265920,31.62,42352,16757665,0,0,0,0,0,0.0,0,0,0,0.0,,0,0,0,0,0,0,0,0,0,0
2026-07-28T23:48:18-04:00,1785296898.628,1311.8,rebuilding,d4bf7949f79fd89363109b965457f2c4,dir,61,3.09,2.53,1.93,97,40,817243136,2013265920,14.59,43778,21036499,0,0,1925497,0,3710564,119.65,457638,0,6555736,0.09,14.33,0,994878,1142280,1930871214,0,0,0,0,0,0
2026-07-28T23:48:18-04:00,1785296898.628,1311.8,rebuilding,f079abb8520cc2abe929aef1be71de3a,dir,11,3.34,3.06,2.42,97,38,782042912,2013265920,14.5,56898,30063789,0,0,1924634,1,4209439,120.0,525974,0,10133687,0.15,19.27,0,1134229,1142337,1916998784,0,0,0,0,0,0
2026-07-28T23:49:24-04:00,1785296964.79,1377.9,rebuilding,03630dbf8bbeb4b9593591c3d088c86a,dir,6,1.18,1.48,1.29,97,60,1211640320,2013265920,19.03,45827,20636693,0,0,2837754,0,4695930,77.99,669351,0,9467471,0.09,14.14,0,1479639,1764409,2832027356,0,0,0,0,0,0
2026-07-28T23:49:24-04:00,1785296964.79,1377.9,rebuilding,2b48e7468691103c7d0719a1e8eba6b8,mr,4,0.44,0.7,0.62,96,17,345150168,2013265920,32.35,33957,9492688,0,0,0,0,0,0.0,0,0,0,0.0,,0,0,0,0,0,0,0,0,0,0
2026-07-28T23:49:24-04:00,1785296964.79,1377.9,rebuilding,926f51bc44e9afb28bd9f4eff0246612,mr,4,0.72,0.63,0.51,94,31,636926432,2013265920,32.25,24874,10776627,0,0,0,0,0,0.0,0,0,0,0.0,,0,0,0,0,0,0,0,0,0,0
2026-07-28T23:49:24-04:00,1785296964.79,1377.9,rebuilding,c8b55bedfd9f0fe3807e0750eda622d5,dir,28,4.19,2.79,1.97,97,43,883011952,2013265920,19.76,47657,22453073,0,0,2816461,0,5320880,78.52,620680,0,8349667,0.27,13.45,0,1343952,1764009,2796732649,0,0,0,0,0,0
2026-07-28T23:49:24-04:00,1785296964.79,1377.9,rebuilding,d1f93aa0cf46f30b50b7c808d9b97f45,mr,9,1.01,0.86,0.69,97,50,1019240688,2013265920,31.65,42354,16758607,0,0,0,0,0,0.0,0,0,0,0.0,,0,0,0,0,0,0,0,0,0,0
2026-07-28T23:49:24-04:00,1785296964.79,1377.9,rebuilding,d4bf7949f79fd89363109b965457f2c4,dir,15,3.58,2.84,2.09,97,64,1299775488,2013265920,14.42,43781,21037801,0,0,1933337,0,3717722,118.5,457642,0,6558507,0.06,14.33,0,994880,1197558,1984513900,0,0,0,0,0,0
2026-07-28T23:49:24-04:00,1785296964.79,1377.9,rebuilding,f079abb8520cc2abe929aef1be71de3a,dir,67,3.46,3.16,2.5,97,38,779759088,2013265920,15.06,56902,30064508,0,0,1932397,1,4214927,117.33,525986,0,10135101,0.18,19.27,0,1134229,1142337,1935585184,0,0,0,0,0,0
2026-07-28T23:50:33-04:00,1785297033.71,1446.9,rebuilding,03630dbf8bbeb4b9593591c3d088c86a,dir,8,2.31,1.79,1.42,97,58,1185906232,2013265920,19.44,45829,20636769,0,0,2845071,0,4713250,106.17,669357,0,9468640,0.09,14.15,0,1479639,1764409,2849587682,0,0,0,0,0,0
2026-07-28T23:50:33-04:00,1785297033.71,1446.9,rebuilding,2b48e7468691103c7d0719a1e8eba6b8,mr,2,0.93,0.77,0.65,95,16,336259072,2013265920,32.19,33958,9492746,0,0,0,0,0,0.0,0,0,0,0.0,,0,0,0,0,0,0,0,0,0,0
2026-07-28T23:50:33-04:00,1785297033.71,1446.9,rebuilding,926f51bc44e9afb28bd9f4eff0246612,mr,1,0.77,0.65,0.52,94,35,715569632,2013265920,32.1,24874,10776627,0,0,0,0,0,0.0,0,0,0,0.0,,0,0,0,0,0,0,0,0,0,0
2026-07-28T23:50:33-04:00,1785297033.71,1446.9,rebuilding,c8b55bedfd9f0fe3807e0750eda622d5,dir,5,3.37,2.85,2.05,97,35,710981056,2013265920,19.37,47660,22454499,0,0,2823930,0,5325704,108.37,620698,0,8352708,0.26,13.46,0,1343952,1764009,2838268775,0,0,0,0,0,0
2026-07-28T23:50:33-04:00,1785297033.71,1446.9,rebuilding,d1f93aa0cf46f30b50b7c808d9b97f45,mr,2,1.03,0.89,0.71,97,56,1142972656,2013265920,31.56,42354,16758607,0,0,0,0,0,0.0,0,0,0,0.0,,0,0,0,0,0,0,0,0,0,0
2026-07-28T23:50:33-04:00,1785297033.71,1446.9,rebuilding,d4bf7949f79fd89363109b965457f2c4,dir,17,13.49,5.18,2.9,97,57,1151663104,2013265920,14.33,43788,21037921,0,0,1944520,0,3728751,162.26,457646,0,6560361,0.06,14.34,0,994881,1253106,2024556604,0,0,0,0,0,0
2026-07-28T23:50:33-04:00,1785297033.71,1446.9,rebuilding,f079abb8520cc2abe929aef1be71de3a,dir,16,4.67,3.57,2.69,97,35,714146048,2013265920,14.9,56909,30068528,0,0,1943470,1,4223312,160.66,525998,0,10137293,0.17,19.27,0,1134230,1198410,1985270419,0,0,0,0,0,0
2026-07-28T23:51:37-04:00,1785297097.679,1510.8,rebuilding,03630dbf8bbeb4b9593591c3d088c86a,dir,1,1.72,1.71,1.41,97,61,1230482800,2013265920,19.79,45831,20636967,0,0,2851261,0,4715681,96.77,669372,0,9469971,0.23,14.15,0,1479639,1764409,2863753115,0,0,0,0,0,0
2026-07-28T23:51:37-04:00,1785297097.679,1510.8,rebuilding,2b48e7468691103c7d0719a1e8eba6b8,mr,3,0.68,0.73,0.64,95,20,412805120,2013265920,32.24,33958,9492746,0,0,0,0,0,0.0,0,0,0,0.0,,0,0,0,0,0,0,0,0,0,0
2026-07-28T23:51:37-04:00,1785297097.679,1510.8,rebuilding,926f51bc44e9afb28bd9f4eff0246612,mr,2,0.77,0.68,0.54,95,39,794212832,2013265920,32.15,24874,10776627,0,0,0,0,0,0.0,0,0,0,0.0,,0,0,0,0,0,0,0,0,0,0
2026-07-28T23:51:37-04:00,1785297097.679,1510.8,rebuilding,c8b55bedfd9f0fe3807e0750eda622d5,dir,2,3.02,2.84,2.1,97,66,1343146904,2013265920,19.72,47661,22454541,0,0,2830209,0,5328580,98.16,620707,0,8354759,0.14,13.46,0,1343952,1764009,2853899108,0,0,0,0,0,0
2026-07-28T23:51:37-04:00,1785297097.679,1510.8,rebuilding,d1f93aa0cf46f30b50b7c808d9b97f45,mr,3,0.66,0.82,0.7,97,61,1246781680,2013265920,31.59,42354,16758607,0,0,0,0,0,0.0,0,0,0,0.0,,0,0,0,0,0,0,0,0,0,0
2026-07-28T23:51:37-04:00,1785297097.679,1510.8,rebuilding,d4bf7949f79fd89363109b965457f2c4,dir,19,13.77,7.74,4.0,97,35,722418440,2013265920,14.85,43797,21046940,0,0,1953830,0,3735621,145.54,457656,0,6561547,0.16,14.34,0,994881,1253106,2047671250,0,0,0,0,0,0
2026-07-28T23:51:37-04:00,1785297097.679,1510.8,rebuilding,f079abb8520cc2abe929aef1be71de3a,dir,26,3.27,3.4,2.69,97,38,765543408,2013265920,15.41,56913,30069996,0,0,1952691,1,4229934,144.15,526004,0,10138691,0.09,19.27,0,1134230,1198410,2007799928,0,0,0,0,0,0
2026-07-28T23:52:41-04:00,1785297161.548,1574.7,rebuilding,03630dbf8bbeb4b9593591c3d088c86a,dir,32,2.76,1.92,1.5,97,32,662792696,2013265920,20.09,45834,20638438,0,0,2856405,0,4720378,80.54,669375,0,9473769,0.05,14.15,0,1479639,1764409,2874343400,0,0,0,0,0,0
2026-07-28T23:52:41-04:00,1785297161.548,1574.7,rebuilding,2b48e7468691103c7d0719a1e8eba6b8,mr,2,0.81,0.78,0.66,95,24,485156864,2013265920,32.29,33958,9492746,0,0,0,0,0,0.0,0,0,0,0.0,,0,0,0,0,0,0,0,0,0,0
2026-07-28T23:52:41-04:00,1785297161.548,1574.7,rebuilding,926f51bc44e9afb28bd9f4eff0246612,mr,2,0.49,0.6,0.52,96,42,863418848,2013265920,32.19,24874,10776627,0,0,0,0,0,0.0,0,0,0,0.0,,0,0,0,0,0,0,0,0,0,0
2026-07-28T23:52:41-04:00,1785297161.548,1574.7,rebuilding,c8b55bedfd9f0fe3807e0750eda622d5,dir,13,4.04,3.18,2.27,96,56,1143414976,2013265920,20.04,47664,22455923,0,0,2835422,0,5331753,81.62,620728,0,8356337,0.33,13.46,0,1343952,1764009,2863574712,0,0,0,0,0,0
2026-07-28T23:52:41-04:00,1785297161.548,1574.7,rebuilding,d1f93aa0cf46f30b50b7c808d9b97f45,mr,4,0.53,0.76,0.69,96,66,1339056368,2013265920,31.62,42354,16758607,0,0,0,0,0,0.0,0,0,0,0.0,,0,0,0,0,0,0,0,0,0,0
2026-07-28T23:52:41-04:00,1785297161.548,1574.7,rebuilding,d4bf7949f79fd89363109b965457f2c4,dir,14,5.7,6.55,3.85,97,56,1130119664,2013265920,15.34,43802,21047635,0,0,1961686,0,3740267,123.0,457658,0,6562105,0.03,14.34,0,994881,1253106,2060872409,0,0,0,0,0,0
2026-07-28T23:52:41-04:00,1785297161.548,1574.7,rebuilding,f079abb8520cc2abe929aef1be71de3a,dir,21,3.01,3.4,2.75,97,69,1392676544,2013265920,16.1,56916,30070091,0,0,1960478,1,4235726,121.92,526018,0,10140956,0.22,19.28,0,1134231,1275300,2058172827,0,0,0,0,0,0
2026-07-28T23:54:18-04:00,1785297258.217,1671.4,rebuilding,03630dbf8bbeb4b9593591c3d088c86a,dir,21,3.38,2.15,1.61,97,42,848056832,2013265920,20.44,45837,20638759,0,0,2862825,0,4724559,66.41,669399,0,9478222,0.25,14.16,0,1479639,1764409,2889647624,0,0,0,0,0,0
2026-07-28T23:54:18-04:00,1785297258.217,1671.4,rebuilding,2b48e7468691103c7d0719a1e8eba6b8,mr,19,0.37,0.61,0.61,95,29,592111616,2013265920,32.36,33958,9492746,0,0,0,0,0,0.0,0,0,0,0.0,,0,0,0,0,0,0,0,0,0,0
2026-07-28T23:54:18-04:00,1785297258.217,1671.4,rebuilding,926f51bc44e9afb28bd9f4eff0246612,mr,1,0.82,0.69,0.56,95,47,965130720,2013265920,32.26,24874,10776627,0,0,0,0,0,0.0,0,0,0,0.0,,0,0,0,0,0,0,0,0,0,0
2026-07-28T23:54:18-04:00,1785297258.217,1671.4,rebuilding,c8b55bedfd9f0fe3807e0750eda622d5,dir,18,3.25,3.05,2.3,97,50,1011150784,2013265920,20.39,47667,22457267,0,0,2841850,0,5335091,66.49,620740,0,8359303,0.12,13.47,0,1343952,1764009,2880217438,0,0,0,0,0,0
2026-07-28T23:54:18-04:00,1785297258.217,1671.4,rebuilding,d1f93aa0cf46f30b50b7c808d9b97f45,mr,0,0.86,0.81,0.71,96,73,1473274096,2013265920,31.67,42354,16758607,0,0,0,0,0,0.0,0,0,0,0.0,,0,0,0,0,0,0,0,0,0,0
2026-07-28T23:54:18-04:00,1785297258.217,1671.4,rebuilding,d4bf7949f79fd89363109b965457f2c4,dir,14,2.15,5.07,3.57,97,69,1407721072,2013265920,15.86,43805,21047731,0,0,1971266,0,3745011,99.1,457674,0,6563436,0.17,14.34,0,994881,1253106,2087115444,0,0,0,0,0,0
2026-07-28T23:54:18-04:00,1785297258.217,1671.4,rebuilding,f079abb8520cc2abe929aef1be71de3a,dir,34,4.22,3.97,3.04,96,40,810568552,2013265920,16.62,56922,30073061,0,0,1970050,1,4247270,99.02,526026,0,10149617,0.08,19.29,0,1134231,1275300,2080061692,0,0,0,0,0,0
2026-07-28T23:55:49-04:00,1785297349.131,1762.3,rebuilding,03630dbf8bbeb4b9593591c3d088c86a,dir,7,3.3,2.77,1.9,97,55,1114395136,2013265920,20.54,45837,20638759,0,0,2864060,0,4725819,13.58,669408,0,9481011,0.1,14.16,0,1479639,1764409,2894466000,0,0,0,0,0,0
2026-07-28T23:55:49-04:00,1785297349.131,1762.3,rebuilding,2b48e7468691103c7d0719a1e8eba6b8,mr,2,0.57,0.62,0.61,95,34,689629184,2013265920,32.22,33958,9492746,0,0,0,0,0,0.0,0,0,0,0.0,,0,0,0,0,0,0,0,0,0,0
2026-07-28T23:55:49-04:00,1785297349.131,1762.3,rebuilding,926f51bc44e9afb28bd9f4eff0246612,mr,2,0.78,0.73,0.58,94,52,1064745440,2013265920,32.13,24874,10776627,0,0,0,0,0,0.0,0,0,0,0.0,,0,0,0,0,0,0,0,0,0,0
2026-07-28T23:55:49-04:00,1785297349.131,1762.3,rebuilding,c8b55bedfd9f0fe3807e0750eda622d5,dir,5,2.17,2.81,2.29,97,62,1257566144,2013265920,20.48,47667,22457267,0,0,2843031,0,5335561,12.99,620740,2,8359303,0.0,13.47,0,1343954,1764009,2884401898,2,0,0,0,0,0
2026-07-28T23:55:49-04:00,1785297349.131,1762.3,rebuilding,d1f93aa0cf46f30b50b7c808d9b97f45,mr,9,1.04,0.91,0.76,96,17,357668752,2013265920,31.59,42356,16759590,0,0,0,0,0,0.0,0,0,0,0.0,,0,0,0,0,0,0,0,0,0,0
2026-07-28T23:55:49-04:00,1785297349.131,1762.3,rebuilding,f079abb8520cc2abe929aef1be71de3a,dir,15,2.06,3.33,2.89,97,40,822517728,2013265920,16.76,56925,30073117,0,0,1971869,1,4248224,20.01,526026,0,10149617,0.0,19.29,0,1134236,1275300,2086719485,0,0,0,0,0,0
2026-07-28T23:57:06-04:00,1785297426.116,1839.3,rebuilding,03630dbf8bbeb4b9593591c3d088c86a,dir,7,1.05,2.19,1.76,97,41,838483456,2013265920,20.59,45839,20639613,0,0,2865446,0,4726774,18.0,669423,0,9485340,0.19,14.17,0,1479639,1764409,2896823649,0,0,0,0,0,0
2026-07-28T23:57:06-04:00,1785297426.116,1839.3,rebuilding,2b48e7468691103c7d0719a1e8eba6b8,mr,37,0.93,0.72,0.65,97,39,794486784,2013265920,32.27,33958,9492746,0,0,0,0,0,0.0,0,0,0,0.0,,0,0,0,0,0,0,0,0,0,0
2026-07-28T23:57:06-04:00,1785297426.116,1839.3,rebuilding,926f51bc44e9afb28bd9f4eff0246612,mr,6,0.28,0.58,0.54,96,58,1170651616,2013265920,32.18,24874,10776627,0,0,0,0,0,0.0,0,0,0,0.0,,0,0,0,0,0,0,0,0,0,0
2026-07-28T23:57:06-04:00,1785297426.116,1839.3,rebuilding,c8b55bedfd9f0fe3807e0750eda622d5,dir,7,2.34,2.79,2.33,97,62,1257475008,2013265920,20.91,47670,22459185,0,0,2844437,0,5336905,18.26,620764,0,8362278,0.31,13.47,0,1343959,1900485,2945625166,0,0,0,0,0,0
2026-07-28T23:57:06-04:00,1785297426.116,1839.3,rebuilding,d1f93aa0cf46f30b50b7c808d9b97f45,mr,7,0.48,0.79,0.73,97,29,585209744,2013265920,31.62,42356,16759590,0,0,0,0,0,0.0,0,0,0,0.0,,0,0,0,0,0,0,0,0,0,0
2026-07-28T23:57:06-04:00,1785297426.116,1839.3,rebuilding,d4bf7949f79fd89363109b965457f2c4,dir,32,9.52,7.35,4.68,97,55,1118858800,2013265920,14.9,43812,21049336,0,0,1973610,0,3753874,13.96,457678,0,6564917,0.02,14.34,0,994889,99666,120322207,0,0,0,1,0,0
2026-07-28T23:57:06-04:00,1785297426.116,1839.3,rebuilding,f079abb8520cc2abe929aef1be71de3a,dir,21,3.33,3.46,2.97,97,61,1237869552,2013265920,17.1,56927,30075085,0,0,1973963,1,4250919,27.2,526034,0,10150644,0.1,19.3,0,1134237,1370220,2129738720,0,0,0,2,1,0
2026-07-28T23:58:11-04:00,1785297491.182,1904.3,rebuilding,03630dbf8bbeb4b9593591c3d088c86a,dir,41,1.09,1.92,1.7,95,39,785485416,2013265920,20.83,45840,20639741,0,0,2869271,0,4728417,58.79,669429,0,9485555,0.09,14.17,0,1479639,1764409,2906883169,0,0,0,0,0,0
2026-07-28T23:58:11-04:00,1785297491.182,1904.3,rebuilding,2b48e7468691103c7d0719a1e8eba6b8,mr,2,0.7,0.66,0.63,94,43,885712896,2013265920,32.32,33958,9492746,0,0,0,0,0,0.0,0,0,0,0.0,,0,0,0,0,0,0,0,0,0,0
2026-07-28T23:58:11-04:00,1785297491.182,1904.3,rebuilding,926f51bc44e9afb28bd9f4eff0246612,mr,25,0.72,0.63,0.56,95,62,1256634848,2013265920,32.23,24874,10776627,0,0,0,0,0,0.0,0,0,0,0.0,,0,0,0,0,0,0,0,0,0,0
2026-07-28T23:58:11-04:00,1785297491.182,1904.3,rebuilding,c8b55bedfd9f0fe3807e0750eda622d5,dir,34,2.63,2.75,2.35,97,41,828322296,2013265920,21.17,47673,22459411,0,0,2848200,0,5340417,57.83,620786,0,8364594,0.34,13.47,0,1343986,1905936,2958569415,0,0,0,0,0,0
2026-07-28T23:58:11-04:00,1785297491.182,1904.3,rebuilding,d1f93aa0cf46f30b50b7c808d9b97f45,mr,7,0.22,0.64,0.68,95,35,705795984,2013265920,31.66,42356,16759590,0,0,0,0,0,0.0,0,0,0,0.0,,0,0,0,0,0,0,0,0,0,0
2026-07-28T23:58:11-04:00,1785297491.182,1904.3,rebuilding,d4bf7949f79fd89363109b965457f2c4,dir,12,4.21,6.24,4.48,97,33,680433152,2013265920,14.27,43821,21049848,0,0,1977317,0,3757215,56.97,457678,0,6564917,0.0,14.34,0,994945,1440843,2193925821,0,0,0,0,0,0
2026-07-28T23:58:11-04:00,1785297491.182,1904.3,rebuilding,f079abb8520cc2abe929aef1be71de3a,dir,53,9.63,5.11,3.57,95,49,991654384,2013265920,17.48,56930,30076178,0,0,1979700,1,4262729,88.17,526046,0,10161932,0.18,19.32,0,1134249,1374939,2147542344,0,0,0,0,0,0
2026-07-28T23:59:22-04:00,1785297562.429,1975.6,rebuilding,03630dbf8bbeb4b9593591c3d088c86a,dir,8,0.65,1.65,1.62,97,64,1295400464,2013265920,21.13,45841,20639821,0,0,2874286,0,4730510,70.39,669444,0,9487070,0.21,14.17,0,1479639,1764409,2918716117,0,0,0,0,0,0
2026-07-28T23:59:22-04:00,1785297562.429,1975.6,rebuilding,2b48e7468691103c7d0719a1e8eba6b8,mr,5,0.69,0.65,0.63,96,47,962258944,2013265920,32.46,33958,9492746,0,0,0,0,0,0.0,0,0,0,0.0,,0,0,0,0,0,0,0,0,0,0
2026-07-28T23:59:22-04:00,1785297562.429,1975.6,rebuilding,926f51bc44e9afb28bd9f4eff0246612,mr,6,0.66,0.6,0.55,93,66,1331083744,2013265920,32.36,24874,10776627,0,0,0,0,0,0.0,0,0,0,0.0,,0,0,0,0,0,0,0,0,0,0
2026-07-28T23:59:22-04:00,1785297562.429,1975.6,rebuilding,c8b55bedfd9f0fe3807e0750eda622d5,dir,53,5.35,3.26,2.54,97,33,672237568,2013265920,21.46,47676,22460633,0,0,2853149,0,5347840,69.46,620798,0,8365637,0.17,13.48,0,1343986,1905936,2970276183,0,0,0,0,0,0
2026-07-28T23:59:22-04:00,1785297562.429,1975.6,rebuilding,d1f93aa0cf46f30b50b7c808d9b97f45,mr,2,0.07,0.5,0.62,96,40,810653584,2013265920,31.72,42356,16759590,0,0,0,0,0,0.0,0,0,0,0.0,,0,0,0,0,0,0,0,0,0,0
2026-07-28T23:59:22-04:00,1785297562.429,1975.6,rebuilding,d4bf7949f79fd89363109b965457f2c4,dir,7,4.16,5.64,4.4,97,30,609278464,2013265920,14.69,43824,21051595,0,0,1984701,1,3763138,103.64,457686,2,6566021,0.11,14.35,0,994945,1440843,2212345782,2,0,0,0,0,0
2026-07-28T23:59:22-04:00,1785297562.429,1975.6,rebuilding,f079abb8520cc2abe929aef1be71de3a,dir,10,3.76,4.25,3.38,96,50,1026171968,2013265920,17.92,56933,30077393,0,0,1987251,1,4268607,105.98,526054,0,10163163,0.11,19.32,0,1134249,1374939,2165532191,0,0,0,0,0,0
2026-07-29T00:00:45-04:00,1785297645.921,2059.1,rebuilding,03630dbf8bbeb4b9593591c3d088c86a,dir,12,2.07,1.81,1.67,97,44,895036432,2013265920,21.78,45846,20640746,0,0,2880794,0,4747316,77.95,669459,0,9488840,0.18,14.17,0,1479640,1881328,2982346067,0,0,0,1,0,0
2026-07-29T00:00:45-04:00,1785297645.921,2059.1,rebuilding,2b48e7468691103c7d0719a1e8eba6b8,mr,14,0.98,0.72,0.65,96,52,1054533632,2013265920,32.19,33958,9492746,0,0,0,0,0,0.0,0,0,0,0.0,,0,0,0,0,0,0,0,0,0,0
2026-07-29T00:00:45-04:00,1785297645.921,2059.1,rebuilding,926f51bc44e9afb28bd9f4eff0246612,mr,4,0.84,0.65,0.57,95,70,1422309856,2013265920,32.11,24874,10776627,0,0,0,0,0,0.0,0,0,0,0.0,,0,0,0,0,0,0,0,0,0,0
2026-07-29T00:00:45-04:00,1785297645.921,2059.1,rebuilding,c8b55bedfd9f0fe3807e0750eda622d5,dir,6,3.32,3.06,2.51,97,29,585847808,2013265920,21.8,47678,22461919,0,0,2859476,0,5352992,75.78,620810,0,8367349,0.14,13.48,0,1343986,1905936,2985290202,0,0,0,2,0,0
2026-07-29T00:00:45-04:00,1785297645.921,2059.1,rebuilding,d1f93aa0cf46f30b50b7c808d9b97f45,mr,3,0.65,0.57,0.64,96,46,930191248,2013265920,31.58,42356,16759590,0,0,0,0,0,0.0,0,0,0,0.0,,0,0,0,0,0,0,0,0,0,0
2026-07-29T00:00:45-04:00,1785297645.921,2059.1,rebuilding,d4bf7949f79fd89363109b965457f2c4,dir,15,3.44,5.1,4.29,96,31,640615664,2013265920,15.22,43827,21051716,0,0,1994283,0,3768276,114.77,457698,0,6568351,0.14,14.35,0,994945,1440843,2234862746,0,0,0,0,0,0
2026-07-29T00:00:45-04:00,1785297645.921,2059.1,rebuilding,f079abb8520cc2abe929aef1be71de3a,dir,29,13.02,6.49,4.18,97,36,744595528,2013265920,18.43,56941,30090397,0,0,1996924,1,4297050,115.86,526062,0,10166523,0.1,19.33,0,1134249,1374939,2188612551,0,0,0,2,0,0
2026-07-29T00:02:21-04:00,1785297741.174,2154.3,rebuilding,03630dbf8bbeb4b9593591c3d088c86a,dir,12,0.66,1.42,1.55,97,41,838702592,2013265920,22.1,45848,20641867,0,0,2885736,0,4750189,51.88,669471,0,9490143,0.13,14.18,0,1479640,1881328,2994062715,0,0,0,0,0,0
2026-07-29T00:02:21-04:00,1785297741.174,2154.3,rebuilding,2b48e7468691103c7d0719a1e8eba6b8,mr,4,0.64,0.64,0.63,95,57,1165682688,2013265920,32.28,33958,9492746,0,0,0,0,0,0.0,0,0,0,0.0,,0,0,0,0,0,0,0,0,0,0
2026-07-29T00:02:21-04:00,1785297741.174,2154.3,rebuilding,926f51bc44e9afb28bd9f4eff0246612,mr,8,0.39,0.54,0.53,96,16,327414464,2013265920,32.19,24875,10777185,0,0,0,0,0,0.0,0,0,0,0.0,,0,0,0,0,0,0,0,0,0,0
2026-07-29T00:02:21-04:00,1785297741.174,2154.3,rebuilding,c8b55bedfd9f0fe3807e0750eda622d5,dir,16,1.86,2.58,2.4,95,32,650441216,2013265920,22.11,47680,22462599,0,0,2864567,0,5356156,53.45,620825,0,8369394,0.16,13.48,0,1343986,1905936,2997417163,0,0,0,0,0,0
2026-07-29T00:02:21-04:00,1785297741.174,2154.3,rebuilding,d1f93aa0cf46f30b50b7c808d9b97f45,mr,4,0.78,0.57,0.62,95,53,1076991888,2013265920,31.64,42356,16759590,0,0,0,0,0,0.0,0,0,0,0.0,,0,0,0,0,0,0,0,0,0,0
2026-07-29T00:02:21-04:00,1785297741.174,2154.3,rebuilding,d4bf7949f79fd89363109b965457f2c4,dir,4,1.04,3.8,3.91,97,32,651996160,2013265920,15.69,43829,21052812,0,0,2001852,0,3772587,79.46,457706,0,6569245,0.08,14.35,0,994945,1440843,2253556731,0,0,0,0,0,0
2026-07-29T00:02:21-04:00,1785297741.174,2154.3,rebuilding,f079abb8520cc2abe929aef1be71de3a,dir,19,11.28,7.95,5.0,97,43,866815584,2013265920,18.91,56950,30095740,0,0,2004333,1,4304885,77.78,526072,0,10169834,0.1,19.33,0,1134249,1374939,2206165606,0,0,0,0,0,0
2026-07-29T00:03:33-04:00,1785297813.951,2227.1,rebuilding,03630dbf8bbeb4b9593591c3d088c86a,dir,5,0.5,1.19,1.46,97,36,743806464,2013265920,22.38,45849,20641979,0,0,2890723,0,4752446,68.52,669489,0,9491445,0.25,14.18,0,1479640,1881328,3005511220,0,0,0,0,0,0
2026-07-29T00:03:33-04:00,1785297813.951,2227.1,rebuilding,2b48e7468691103c7d0719a1e8eba6b8,mr,2,0.78,0.67,0.63,95,61,1242228736,2013265920,32.2,33958,9492746,0,0,0,0,0,0.0,0,0,0,0.0,,0,0,0,0,0,0,0,0,0,0
2026-07-29T00:03:33-04:00,1785297813.951,2227.1,rebuilding,926f51bc44e9afb28bd9f4eff0246612,mr,3,0.29,0.46,0.51,94,19,401863360,2013265920,32.1,24875,10777185,0,0,0,0,0,0.0,0,0,0,0.0,,0,0,0,0,0,0,0,0,0,0
2026-07-29T00:03:33-04:00,1785297813.951,2227.1,rebuilding,c8b55bedfd9f0fe3807e0750eda622d5,dir,5,1.23,2.21,2.28,97,33,684364288,2013265920,22.41,47682,22463881,0,0,2869562,0,5360861,68.63,620840,0,8370689,0.21,13.48,0,1343986,1905936,3009277147,0,0,0,0,0,0
2026-07-29T00:03:33-04:00,1785297813.951,2227.1,rebuilding,d1f93aa0cf46f30b50b7c808d9b97f45,mr,2,0.32,0.47,0.58,95,58,1177655176,2013265920,31.53,42356,16759590,0,0,0,0,0,0.0,0,0,0,0.0,,0,0,0,0,0,0,0,0,0,0
2026-07-29T00:03:33-04:00,1785297813.951,2227.1,rebuilding,d4bf7949f79fd89363109b965457f2c4,dir,11,4.65,4.25,4.05,98,65,1327103104,2013265920,16.12,43830,21052840,0,0,2009365,0,3777294,103.23,457718,0,6570268,0.16,14.35,0,994945,1440843,2271169327,0,0,0,0,0,0
2026-07-29T00:03:33-04:00,1785297813.951,2227.1,rebuilding,f079abb8520cc2abe929aef1be71de3a,dir,46,7.17,7.5,5.08,97,57,1156345536,2013265920,19.46,56956,30098956,0,0,2011838,1,4318438,103.12,526082,0,10172494,0.14,19.34,0,1134249,1374939,2244455211,0,0,0,0,0,0
2026-07-29T00:04:38-04:00,1785297878.848,2292.0,rebuilding,03630dbf8bbeb4b9593591c3d088c86a,dir,5,1.23,1.31,1.48,97,49,1002667704,2013265920,22.56,45850,20642060,0,0,2893935,0,4754235,49.49,669492,0,9491445,0.05,14.18,0,1479640,1881328,3012144668,0,0,0,0,0,0
2026-07-29T00:04:38-04:00,1785297878.848,2292.0,rebuilding,2b48e7468691103c7d0719a1e8eba6b8,mr,5,0.26,0.53,0.59,96,65,1312483328,2013265920,32.24,33958,9492746,0,0,0,0,0,0.0,0,0,0,0.0,,0,0,0,0,0,0,0,0,0,0
2026-07-29T00:04:38-04:00,1785297878.848,2292.0,rebuilding,926f51bc44e9afb28bd9f4eff0246612,mr,0,0.1,0.37,0.47,96,15,307141632,2013265920,32.15,24876,10777192,0,0,0,0,0,0.0,0,0,0,0.0,,0,0,0,0,0,0,0,0,0,0
2026-07-29T00:04:38-04:00,1785297878.848,2292.0,rebuilding,c8b55bedfd9f0fe3807e0750eda622d5,dir,7,1.3,2.05,2.22,97,52,1054862840,2013265920,22.58,47683,22463970,0,0,2872758,0,5363331,49.25,620855,0,8373980,0.23,13.49,0,1343986,1905936,3015883831,0,0,0,1,0,0
2026-07-29T00:04:38-04:00,1785297878.848,2292.0,rebuilding,d1f93aa0cf46f30b50b7c808d9b97f45,mr,12,0.6,0.5,0.58,96,63,1273075592,2013265920,31.56,42356,16759590,0,0,0,0,0,0.0,0,0,0,0.0,,0,0,0,0,0,0,0,0,0,0
2026-07-29T00:04:38-04:00,1785297878.848,2292.0,rebuilding,d4bf7949f79fd89363109b965457f2c4,dir,11,3.69,4.07,4.01,97,39,789353728,2013265920,16.39,43835,21055168,0,0,2014085,0,3780868,72.73,457720,0,6570268,0.03,14.35,0,994945,1440843,2281995008,0,0,0,2,0,0
2026-07-29T00:04:38-04:00,1785297878.848,2292.0,rebuilding,f079abb8520cc2abe929aef1be71de3a,dir,21,9.16,7.94,5.39,98,52,1060896744,2013265920,19.81,56962,30104235,0,0,2016642,1,4326830,74.02,526092,0,10191636,0.15,19.37,0,1134250,1452006,2265970561,0,0,0,0,0,0
2026-07-29T00:05:42-04:00,1785297942.921,2356.1,rebuilding,03630dbf8bbeb4b9593591c3d088c86a,dir,6,0.9,1.2,1.43,97,40,813089832,2013265920,22.81,45852,20643266,0,0,2898178,0,4757014,66.22,669501,0,9493278,0.14,14.18,0,1479640,1881328,3022941716,0,0,0,0,0,0
2026-07-29T00:05:42-04:00,1785297942.921,2356.1,rebuilding,2b48e7468691103c7d0719a1e8eba6b8,mr,2,0.31,0.5,0.57,96,68,1384835072,2013265920,32.07,33958,9492746,0,0,0,0,0,0.0,0,0,0,0.0,,0,0,0,0,0,0,0,0,0,0
2026-07-29T00:05:42-04:00,1785297942.921,2356.1,rebuilding,926f51bc44e9afb28bd9f4eff0246612,mr,1,0.57,0.47,0.5,94,19,382639104,2013265920,31.98,24876,10777192,0,0,0,0,0,0.0,0,0,0,0.0,,0,0,0,0,0,0,0,0,0,0
2026-07-29T00:05:42-04:00,1785297942.921,2356.1,rebuilding,c8b55bedfd9f0fe3807e0750eda622d5,dir,13,2.44,2.2,2.26,97,31,638531104,2013265920,22.83,47687,22465929,0,0,2876931,0,5366679,65.13,620870,0,8377199,0.23,13.49,0,1343986,1905936,3025752901,0,0,0,0,0,0
2026-07-29T00:05:42-04:00,1785297942.921,2356.1,rebuilding,d1f93aa0cf46f30b50b7c808d9b97f45,mr,3,1.03,0.63,0.62,96,67,1366398848,2013265920,31.47,42356,16759590,0,0,0,0,0,0.0,0,0,0,0.0,,0,0,0,0,0,0,0,0,0,0
2026-07-29T00:05:42-04:00,1785297942.921,2356.1,rebuilding,d4bf7949f79fd89363109b965457f2c4,dir,26,3.56,3.99,3.98,97,36,735265280,2013265920,16.76,43837,21058294,0,0,2020410,0,3785000,98.72,457726,0,6571247,0.09,14.36,0,994945,1440843,2296332571,0,0,0,0,0,0
2026-07-29T00:05:42-04:00,1785297942.921,2356.1,rebuilding,f079abb8520cc2abe929aef1be71de3a,dir,5,11.48,8.98,5.93,97,38,766932976,2013265920,20.19,56967,30115732,0,0,2022969,1,4356060,98.75,526102,0,10201719,0.16,19.39,0,1134250,1452006,2282475580,0,0,0,0,0,0
2026-07-29T00:07:02-04:00,1785298022.089,2435.2,rebuilding,03630dbf8bbeb4b9593591c3d088c86a,dir,15,0.85,1.1,1.38,97,38,777556480,2013265920,23.23,45854,20643437,0,0,2905594,0,4760010,93.67,669510,0,9494670,0.11,14.18,0,1479640,1881328,3040511822,0,0,0,0,0,0
2026-07-29T00:07:02-04:00,1785298022.089,2435.2,rebuilding,2b48e7468691103c7d0719a1e8eba6b8,mr,1,0.14,0.41,0.54,95,13,275541648,2013265920,32.11,33959,9493236,0,0,0,0,0,0.0,0,0,0,0.0,,0,0,0,0,0,0,0,0,0,0
2026-07-29T00:07:02-04:00,1785298022.089,2435.2,rebuilding,926f51bc44e9afb28bd9f4eff0246612,mr,2,0.27,0.4,0.47,96,23,468622336,2013265920,32.03,24876,10777192,0,0,0,0,0,0.0,0,0,0,0.0,,0,0,0,0,0,0,0,0,0,0
2026-07-29T00:07:02-04:00,1785298022.089,2435.2,rebuilding,c8b55bedfd9f0fe3807e0750eda622d5,dir,8,1.5,1.99,2.18,97,70,1428464800,2013265920,23.24,47688,22465978,0,0,2884245,0,5371520,92.39,620891,0,8379648,0.27,13.5,0,1343986,1905936,3044095538,0,0,0,0,0,0
2026-07-29T00:07:02-04:00,1785298022.089,2435.2,rebuilding,d1f93aa0cf46f30b50b7c808d9b97f45,mr,1,0.82,0.66,0.63,96,74,1492227968,2013265920,31.5,42356,16759590,0,0,0,0,0,0.0,0,0,0,0.0,,0,0,0,0,0,0,0,0,0,0
2026-07-29T00:07:02-04:00,1785298022.089,2435.2,rebuilding,d4bf7949f79fd89363109b965457f2c4,dir,30,2.76,3.7,3.88,97,39,786875520,2013265920,17.47,43846,21059808,0,0,2031494,0,3791721,140.01,457732,0,6573533,0.08,14.36,0,994946,1499739,2349155367,0,0,0,0,0,0
2026-07-29T00:07:02-04:00,1785298022.089,2435.2,rebuilding,f079abb8520cc2abe929aef1be71de3a,dir,19,5.7,7.76,5.7,97,41,836078656,2013265920,20.82,56974,30116934,0,0,2034073,2,4365083,140.26,526116,0,10203567,0.18,19.39,0,1134250,1452006,2309282448,0,0,0,0,0,0
2026-07-29T00:08:23-04:00,1785298103.547,2516.7,rebuilding,03630dbf8bbeb4b9593591c3d088c86a,dir,7,0.99,1.2,1.39,97,61,1245221376,2013265920,23.42,45854,20643437,0,0,2908623,0,4761316,37.18,669522,0,9495659,0.15,14.18,0,1479640,1881328,3048258231,0,0,0,0,0,0
2026-07-29T00:08:23-04:00,1785298103.547,2516.7,rebuilding,2b48e7468691103c7d0719a1e8eba6b8,mr,5,0.06,0.32,0.49,95,17,361524880,2013265920,32.19,33959,9493236,0,0,0,0,0,0.0,0,0,0,0.0,,0,0,0,0,0,0,0,0,0,0
2026-07-29T00:08:23-04:00,1785298103.547,2516.7,rebuilding,926f51bc44e9afb28bd9f4eff0246612,mr,5,0.11,0.31,0.43,96,27,555654144,2013265920,32.09,24876,10777192,0,0,0,0,0,0.0,0,0,0,0.0,,0,0,0,0,0,0,0,0,0,0
2026-07-29T00:08:23-04:00,1785298103.547,2516.7,rebuilding,c8b55bedfd9f0fe3807e0750eda622d5,dir,15,2.23,2.15,2.22,97,48,979922448,2013265920,23.42,47690,22466739,0,0,2887244,0,5374663,36.82,620903,0,8383389,0.15,13.5,0,1343986,1905936,3051280409,3,0,0,1,0,0
2026-07-29T00:08:23-04:00,1785298103.547,2516.7,rebuilding,d1f93aa0cf46f30b50b7c808d9b97f45,mr,3,0.17,0.47,0.57,96,18,364118560,2013265920,31.54,42358,16760163,0,0,0,0,0,0.0,0,0,0,0.0,,0,0,0,0,0,0,0,0,0,0
2026-07-29T00:08:23-04:00,1785298103.547,2516.7,rebuilding,d4bf7949f79fd89363109b965457f2c4,dir,4,1.67,3.12,3.66,97,66,1339475064,2013265920,17.82,43846,21059808,0,0,2035965,0,3793534,54.89,457740,0,6574141,0.1,14.36,0,994946,1499739,2359840610,0,0,0,1,0,0
2026-07-29T00:08:23-04:00,1785298103.547,2516.7,rebuilding,f079abb8520cc2abe929aef1be71de3a,dir,20,6.41,7.18,5.68,97,41,838402032,2013265920,21.32,56978,30117150,0,0,2038656,1,4368392,56.26,526124,0,10204485,0.1,19.4,0,1134251,1534866,2355333867,2,0,0,2,1,0
2026-07-29T00:09:43-04:00,1785298183.158,2596.3,rebuilding,03630dbf8bbeb4b9593591c3d088c86a,dir,6,0.66,1.06,1.33,97,62,1257291264,2013265920,23.77,45856,20644600,0,0,2914842,0,4763767,78.12,669534,0,9498549,0.15,14.19,0,1479640,1881328,3062887643,0,0,0,0,0,0
2026-07-29T00:09:43-04:00,1785298183.158,2596.3,rebuilding,2b48e7468691103c7d0719a1e8eba6b8,mr,2,0.22,0.31,0.47,96,17,356807104,2013265920,32.25,33960,9493256,0,0,0,0,0,0.0,0,0,0,0.0,,0,0,0,0,0,0,0,0,0,0
2026-07-29T00:09:43-04:00,1785298183.158,2596.3,rebuilding,926f51bc44e9afb28bd9f4eff0246612,mr,1,0.03,0.23,0.39,96,31,640588800,2013265920,32.15,24876,10777192,0,0,0,0,0,0.0,0,0,0,0.0,,0,0,0,0,0,0,0,0,0,0
2026-07-29T00:09:43-04:00,1785298183.158,2596.3,rebuilding,c8b55bedfd9f0fe3807e0750eda622d5,dir,7,1.58,1.94,2.14,97,46,927440896,2013265920,23.77,47692,22468184,0,0,2893319,0,5380772,76.31,620918,0,8385633,0.19,13.51,0,1343986,1905936,3065659815,0,0,0,0,0,0
2026-07-29T00:09:43-04:00,1785298183.158,2596.3,rebuilding,d1f93aa0cf46f30b50b7c808d9b97f45,mr,4,0.07,0.37,0.52,96,23,477364768,2013265920,31.58,42358,16760163,0,0,0,0,0,0.0,0,0,0,0.0,,0,0,0,0,0,0,0,0,0,0
2026-07-29T00:09:43-04:00,1785298183.158,2596.3,rebuilding,d4bf7949f79fd89363109b965457f2c4,dir,5,1.96,2.98,3.58,97,47,948595712,2013265920,18.35,43852,21062337,0,0,2045246,0,3802619,116.58,457748,0,6575440,0.1,14.36,0,994946,1499739,2381687806,0,0,0,0,0,0
2026-07-29T00:09:43-04:00,1785298183.158,2596.3,rebuilding,f079abb8520cc2abe929aef1be71de3a,dir,16,4.8,6.4,5.53,97,38,777144960,2013265920,21.85,56984,30119591,0,0,2048010,2,4377822,117.5,526132,2,10207029,0.1,19.4,0,1134251,1534866,2377173234,1,0,0,1,0,0
2026-07-29T00:10:51-04:00,1785298251.728,2664.9,rebuilding,03630dbf8bbeb4b9593591c3d088c86a,dir,7,1.82,1.39,1.43,95,70,1422761424,2013265920,24.29,45860,20644721,0,0,2918527,0,4765675,53.74,669546,0,9499148,0.18,14.19,0,1479641,2000572,3120180367,0,0,0,0,0,0
2026-07-29T00:10:51-04:00,1785298251.728,2664.9,rebuilding,2b48e7468691103c7d0719a1e8eba6b8,mr,1,0.46,0.37,0.48,96,21,442790336,2013265920,32.09,33960,9493256,0,0,0,0,0,0.0,0,0,0,0.0,,0,0,0,0,0,0,0,0,0,0
2026-07-29T00:10:51-04:00,1785298251.728,2664.9,rebuilding,926f51bc44e9afb28bd9f4eff0246612,mr,3,0.34,0.3,0.4,95,35,721329152,2013265920,32.0,24876,10777192,0,0,0,0,0,0.0,0,0,0,0.0,,0,0,0,0,0,0,0,0,0,0
2026-07-29T00:10:51-04:00,1785298251.728,2664.9,rebuilding,c8b55bedfd9f0fe3807e0750eda622d5,dir,6,1.76,1.97,2.14,97,35,718171616,2013265920,23.99,47693,22468874,0,0,2897202,0,5383122,56.63,620927,0,8387489,0.13,13.51,0,1343986,1905936,3074409673,0,0,0,0,0,0
2026-07-29T00:10:51-04:00,1785298251.728,2664.9,rebuilding,d1f93aa0cf46f30b50b7c808d9b97f45,mr,3,0.49,0.46,0.54,96,29,589562400,2013265920,31.49,42358,16760163,0,0,0,0,0,0.0,0,0,0,0.0,,0,0,0,0,0,0,0,0,0,0
2026-07-29T00:10:51-04:00,1785298251.728,2664.9,rebuilding,d4bf7949f79fd89363109b965457f2c4,dir,13,2.67,3.1,3.58,97,48,968902144,2013265920,18.69,43855,21062942,0,0,2051061,0,3805386,84.8,457756,0,6576010,0.12,14.37,0,994946,1499739,2394867829,0,0,0,0,0,0
2026-07-29T00:10:51-04:00,1785298251.728,2664.9,rebuilding,f079abb8520cc2abe929aef1be71de3a,dir,49,16.83,9.45,6.62,97,40,807970984,2013265920,22.16,56986,30134594,0,0,2053698,1,4410614,82.95,526140,0,10222709,0.12,19.43,0,1134251,1534866,2389736258,0,0,0,0,0,0
2026-07-29T00:11:55-04:00,1785298315.662,2728.8,rebuilding,03630dbf8bbeb4b9593591c3d088c86a,dir,5,1.16,1.3,1.39,97,48,972697216,2013265920,24.45,45862,20644811,0,0,2920962,0,4766755,38.09,669555,0,9500439,0.14,14.19,0,1479641,2000572,3126219503,0,0,0,0,0,0
2026-07-29T00:11:55-04:00,1785298315.662,2728.8,rebuilding,2b48e7468691103c7d0719a1e8eba6b8,mr,1,0.19,0.31,0.45,97,25,508850624,2013265920,32.13,33960,9493256,0,0,0,0,0,0.0,0,0,0,0.0,,0,0,0,0,0,0,0,0,0,0
2026-07-29T00:11:55-04:00,1785298315.662,2728.8,rebuilding,926f51bc44e9afb28bd9f4eff0246612,mr,6,0.38,0.3,0.39,95,39,789486592,2013265920,32.05,24876,10777192,0,0,0,0,0,0.0,0,0,0,0.0,,0,0,0,0,0,0,0,0,0,0
2026-07-29T00:11:55-04:00,1785298315.662,2728.8,rebuilding,c8b55bedfd9f0fe3807e0750eda622d5,dir,7,2.04,2.08,2.17,97,50,1011774632,2013265920,24.13,47695,22469558,0,0,2899585,0,5386246,37.27,620936,0,8390885,0.14,13.51,0,1343986,1905936,3080113403,0,0,0,2,0,0
2026-07-29T00:11:55-04:00,1785298315.662,2728.8,rebuilding,d1f93aa0cf46f30b50b7c808d9b97f45,mr,1,0.21,0.38,0.51,97,33,677642784,2013265920,31.52,42358,16760163,0,0,0,0,0,0.0,0,0,0,0.0,,0,0,0,0,0,0,0,0,0,0
2026-07-29T00:11:55-04:00,1785298315.662,2728.8,rebuilding,d4bf7949f79fd89363109b965457f2c4,dir,15,4.3,3.43,3.66,97,41,835637248,2013265920,19.11,43858,21063023,0,0,2054626,0,3807893,55.76,457762,0,6576562,0.09,14.37,0,994947,1577364,2435958249,0,0,0,0,0,0
2026-07-29T00:11:55-04:00,1785298315.662,2728.8,rebuilding,f079abb8520cc2abe929aef1be71de3a,dir,10,6.53,7.86,6.27,97,39,792772488,2013265920,22.41,56991,30134784,0,0,2057315,1,4412802,56.57,526146,0,10223353,0.09,19.43,0,1134251,1534866,2400047571,0,0,0,2,1,0
2026-07-29T00:13:39-04:00,1785298419.987,2833.2,rebuilding,03630dbf8bbeb4b9593591c3d088c86a,dir,18,1.0,1.24,1.36,97,46,943110248,2013265920,24.75,45864,20644972,0,0,2926348,0,4769000,51.63,669569,0,9502310,0.13,14.19,0,1479649,2000572,3139308016,0,0,0,0,0,0
2026-07-29T00:13:39-04:00,1785298419.987,2833.2,rebuilding,2b48e7468691103c7d0719a1e8eba6b8,mr,5,0.21,0.31,0.44,96,30,623145408,2013265920,32.2,33960,9493256,0,0,0,0,0,0.0,0,0,0,0.0,,0,0,0,0,0,0,0,0,0,0
2026-07-29T00:13:39-04:00,1785298419.987,2833.2,rebuilding,926f51bc44e9afb28bd9f4eff0246612,mr,2,0.25,0.28,0.37,96,44,900635648,2013265920,32.11,24876,10777192,0,0,0,0,0,0.0,0,0,0,0.0,,0,0,0,0,0,0,0,0,0,0
2026-07-29T00:13:39-04:00,1785298419.987,2833.2,rebuilding,c8b55bedfd9f0fe3807e0750eda622d5,dir,25,3.22,2.4,2.27,96,43,877486032,2013265920,24.67,47699,22470933,0,0,2905076,0,5391761,52.63,620974,0,8395370,0.36,13.52,0,1343995,1994745,3130598252,0,0,0,0,0,0
2026-07-29T00:13:39-04:00,1785298419.987,2833.2,rebuilding,d1f93aa0cf46f30b50b7c808d9b97f45,mr,2,0.08,0.3,0.47,96,41,827589152,2013265920,31.56,42358,16760163,0,0,0,0,0,0.0,0,0,0,0.0,,0,0,0,0,0,0,0,0,0,0
2026-07-29T00:13:39-04:00,1785298419.987,2833.2,rebuilding,d4bf7949f79fd89363109b965457f2c4,dir,6,3.83,3.37,3.61,97,46,939633664,2013265920,19.55,43861,21064672,0,0,2062654,0,3814968,76.95,457770,0,6577180,0.08,14.37,0,994955,1577364,2456048217,0,0,0,0,0,0
2026-07-29T00:13:39-04:00,1785298419.987,2833.2,rebuilding,f079abb8520cc2abe929aef1be71de3a,dir,21,6.64,7.55,6.31,97,42,852072384,2013265920,23.09,56998,30135231,0,0,2065124,1,4422066,74.85,526171,2,10242774,0.24,19.47,0,1134257,1621362,2455276560,0,0,0,2,1,0
2026-07-29T00:14:57-04:00,1785298497.992,2911.2,rebuilding,03630dbf8bbeb4b9593591c3d088c86a,dir,15,3.71,1.88,1.57,95,37,749885952,2013265920,25.01,45866,20645145,0,0,2930882,0,4780489,58.12,669581,4,9504646,0.15,14.19,0,1479649,2000572,3150400249,0,0,0,0,0,0
2026-07-29T00:14:57-04:00,1785298497.992,2911.2,rebuilding,2b48e7468691103c7d0719a1e8eba6b8,mr,2,0.11,0.24,0.4,95,35,709128640,2013265920,32.26,33960,9493256,0,0,0,0,0,0.0,0,0,0,0.0,,0,0,0,0,0,0,0,0,0,0
2026-07-29T00:14:57-04:00,1785298497.992,2911.2,rebuilding,926f51bc44e9afb28bd9f4eff0246612,mr,1,0.14,0.24,0.35,97,48,982424576,2013265920,32.17,24876,10777192,0,0,0,0,0,0.0,0,0,0,0.0,,0,0,0,0,0,0,0,0,0,0
2026-07-29T00:14:57-04:00,1785298497.992,2911.2,rebuilding,c8b55bedfd9f0fe3807e0750eda622d5,dir,30,3.02,2.52,2.32,97,36,742494072,2013265920,24.94,47700,22471556,0,0,2909417,0,5394459,55.65,620988,0,8395374,0.18,13.52,0,1343995,1994745,3141472940,0,0,0,0,0,0
2026-07-29T00:14:57-04:00,1785298497.992,2911.2,rebuilding,d1f93aa0cf46f30b50b7c808d9b97f45,mr,3,0.21,0.28,0.44,96,46,940835360,2013265920,31.6,42358,16760163,0,0,0,0,0,0.0,0,0,0,0.0,,0,0,0,0,0,0,0,0,0,0
2026-07-29T00:14:57-04:00,1785298497.992,2911.2,rebuilding,d4bf7949f79fd89363109b965457f2c4,dir,10,5.98,3.98,3.79,97,46,930914816,2013265920,19.96,43864,21065984,0,0,2069298,0,3821629,85.17,457778,0,6579526,0.1,14.37,0,994955,1577364,2472370354,4,0,0,0,0,0
2026-07-29T00:14:57-04:00,1785298497.992,2911.2,rebuilding,f079abb8520cc2abe929aef1be71de3a,dir,20,6.36,7.61,6.45,97,37,760280048,2013265920,23.49,57001,30136275,0,0,2072075,1,4431588,89.11,526186,0,10253384,0.19,19.49,0,1134260,1621362,2471665609,0,0,0,0,0,0
2026-07-29T00:16:02-04:00,1785298562.148,2975.3,rebuilding,03630dbf8bbeb4b9593591c3d088c86a,dir,7,2.77,2.14,1.69,97,60,1223842304,2013265920,25.18,45866,20645145,0,0,2933857,0,4782103,46.37,669602,0,9507810,0.33,14.2,0,1479649,2000572,3157147407,0,0,0,0,0,0
2026-07-29T00:16:02-04:00,1785298562.148,2975.3,rebuilding,2b48e7468691103c7d0719a1e8eba6b8,mr,3,0.27,0.29,0.4,95,39,793014720,2013265920,32.11,33960,9493256,0,0,0,0,0,0.0,0,0,0,0.0,,0,0,0,0,0,0,0,0,0,0
2026-07-29T00:16:02-04:00,1785298562.148,2975.3,rebuilding,926f51bc44e9afb28bd9f4eff0246612,mr,3,0.45,0.34,0.37,95,52,1065262080,2013265920,32.02,24876,10777192,0,0,0,0,0,0.0,0,0,0,0.0,,0,0,0,0,0,0,0,0,0,0
2026-07-29T00:16:02-04:00,1785298562.148,2975.3,rebuilding,c8b55bedfd9f0fe3807e0750eda622d5,dir,9,1.83,2.29,2.26,97,52,1066362632,2013265920,25.12,47701,22472226,0,0,2912423,0,5398174,46.85,620991,0,8395375,0.05,13.52,0,1343995,1994745,3147730778,0,0,0,0,0,0
2026-07-29T00:16:02-04:00,1785298562.148,2975.3,rebuilding,d1f93aa0cf46f30b50b7c808d9b97f45,mr,2,0.87,0.53,0.52,96,51,1046741536,2013265920,31.51,42358,16760163,0,0,0,0,0,0.0,0,0,0,0.0,,0,0,0,0,0,0,0,0,0,0
2026-07-29T00:16:02-04:00,1785298562.148,2975.3,rebuilding,d4bf7949f79fd89363109b965457f2c4,dir,33,19.06,8.29,5.3,97,41,827148800,2013265920,20.22,43867,21097827,0,0,2073823,0,3889718,70.53,457792,0,6621894,0.22,14.46,0,994955,1577364,2479434869,0,0,0,0,0,0
2026-07-29T00:16:02-04:00,1785298562.148,2975.3,rebuilding,f079abb8520cc2abe929aef1be71de3a,dir,16,4.14,6.83,6.28,97,37,746910720,2013265920,23.74,57002,30139255,0,0,2076569,1,4443139,70.05,526188,0,10253413,0.03,19.49,0,1134260,1621362,2482402567,0,0,0,0,0,0
2026-07-29T00:17:14-04:00,1785298634.248,3047.4,rebuilding,03630dbf8bbeb4b9593591c3d088c86a,dir,2,2.7,2.24,1.76,97,47,962262528,2013265920,25.39,45868,20645547,0,0,2937281,0,4783626,47.49,669608,0,9508671,0.08,14.2,0,1479649,2000572,3165452698,0,0,0,0,0,0
2026-07-29T00:17:14-04:00,1785298634.248,3047.4,rebuilding,2b48e7468691103c7d0719a1e8eba6b8,mr,5,0.08,0.23,0.37,96,43,869560768,2013265920,32.16,33960,9493256,0,0,0,0,0,0.0,0,0,0,0.0,,0,0,0,0,0,0,0,0,0,0
2026-07-29T00:17:14-04:00,1785298634.248,3047.4,rebuilding,926f51bc44e9afb28bd9f4eff0246612,mr,10,0.43,0.39,0.39,96,56,1139710976,2013265920,32.07,24876,10777192,0,0,0,0,0,0.0,0,0,0,0.0,,0,0,0,0,0,0,0,0,0,0
2026-07-29T00:17:14-04:00,1785298634.248,3047.4,rebuilding,c8b55bedfd9f0fe3807e0750eda622d5,dir,5,1.26,2.02,2.17,96,40,823261464,2013265920,25.31,47702,22472800,0,0,2915781,0,5400144,46.57,621015,0,8400512,0.33,13.53,0,1343995,1994745,3156680094,0,0,0,0,0,0
2026-07-29T00:17:14-04:00,1785298634.248,3047.4,rebuilding,d1f93aa0cf46f30b50b7c808d9b97f45,mr,7,0.86,0.55,0.53,97,56,1140064800,2013265920,31.54,42358,16760163,0,0,0,0,0,0.0,0,0,0,0.0,,0,0,0,0,0,0,0,0,0,0
2026-07-29T00:17:14-04:00,1785298634.248,3047.4,rebuilding,d4bf7949f79fd89363109b965457f2c4,dir,21,9.18,7.51,5.25,97,59,1196140952,2013265920,20.77,43878,21097979,0,0,2078607,0,3892629,66.35,457794,2,6622561,0.03,14.47,0,994956,1679418,2537030074,2,0,0,2,1,0
2026-07-29T00:17:14-04:00,1785298634.248,3047.4,rebuilding,f079abb8520cc2abe929aef1be71de3a,dir,10,3.04,5.95,6.02,96,42,858223584,2013265920,24.05,57008,30141534,0,0,2081711,1,4449176,71.32,526204,0,10258284,0.22,19.49,0,1134260,1621362,2494585167,0,0,0,0,0,0
2026-07-29T00:18:24-04:00,1785298704.153,3117.3,rebuilding,03630dbf8bbeb4b9593591c3d088c86a,dir,10,1.52,1.94,1.68,97,65,1322972672,2013265920,25.49,45868,20645547,0,0,2939414,0,4784582,30.51,669626,0,9508996,0.26,14.2,0,1479657,2000572,3169526639,0,0,0,0,0,0
2026-07-29T00:18:24-04:00,1785298704.153,3117.3,rebuilding,2b48e7468691103c7d0719a1e8eba6b8,mr,5,0.19,0.22,0.36,95,46,945058240,2013265920,32.21,33960,9493256,0,0,0,0,0,0.0,0,0,0,0.0,,0,0,0,0,0,0,0,0,0,0
2026-07-29T00:18:24-04:00,1785298704.153,3117.3,rebuilding,926f51bc44e9afb28bd9f4eff0246612,mr,9,0.22,0.35,0.37,95,60,1212062720,2013265920,32.12,24876,10777192,0,0,0,0,0,0.0,0,0,0,0.0,,0,0,0,0,0,0,0,0,0,0
2026-07-29T00:18:24-04:00,1785298704.153,3117.3,rebuilding,c8b55bedfd9f0fe3807e0750eda622d5,dir,25,1.47,1.86,2.1,97,44,899074288,2013265920,25.42,47704,22473501,0,0,2918037,0,5401687,32.27,621030,0,8403484,0.21,13.53,0,1343999,1994745,3160523736,0,0,0,0,0,0
2026-07-29T00:18:24-04:00,1785298704.153,3117.3,rebuilding,d1f93aa0cf46f30b50b7c808d9b97f45,mr,3,0.4,0.46,0.5,95,61,1243873824,2013265920,31.58,42358,16760163,0,0,0,0,0,0.0,0,0,0,0.0,,0,0,0,0,0,0,0,0,0,0
2026-07-29T00:18:24-04:00,1785298704.153,3117.3,rebuilding,d4bf7949f79fd89363109b965457f2c4,dir,4,7.47,7.53,5.42,97,44,897564176,2013265920,20.95,43881,21098394,0,0,2082266,0,3897787,52.34,457808,0,6626303,0.2,14.47,0,994964,1679418,2543708121,0,0,0,0,0,0
2026-07-29T00:18:24-04:00,1785298704.153,3117.3,rebuilding,f079abb8520cc2abe929aef1be71de3a,dir,32,12.29,7.55,6.53,97,53,1073846632,2013265920,24.2,57009,30141584,0,0,2084955,1,4457099,46.41,526212,2,10273918,0.11,19.52,0,1134260,1621362,2500844415,1,0,0,0,0,0
2026-07-29T00:19:40-04:00,1785298780.844,3194.0,rebuilding,03630dbf8bbeb4b9593591c3d088c86a,dir,5,2.09,1.96,1.7,97,58,1172502016,2013265920,25.81,45870,20646458,0,0,2944577,0,4787177,67.32,669638,0,9509808,0.16,14.2,0,1479657,2000572,3182743023,0,0,0,0,0,0
2026-07-29T00:19:40-04:00,1785298780.844,3194.0,rebuilding,2b48e7468691103c7d0719a1e8eba6b8,mr,3,0.27,0.24,0.35,95,51,1026847168,2013265920,32.27,33960,9493256,0,0,0,0,0,0.0,0,0,0,0.0,,0,0,0,0,0,0,0,0,0,0
2026-07-29T00:19:40-04:00,1785298780.844,3194.0,rebuilding,926f51bc44e9afb28bd9f4eff0246612,mr,2,0.06,0.26,0.34,94,64,1293851648,2013265920,32.17,24876,10777192,0,0,0,0,0,0.0,0,0,0,0.0,,0,0,0,0,0,0,0,0,0,0
2026-07-29T00:19:40-04:00,1785298780.844,3194.0,rebuilding,c8b55bedfd9f0fe3807e0750eda622d5,dir,4,0.96,1.64,2.0,96,41,835102208,2013265920,25.75,47706,22474836,0,0,2923337,0,5408166,69.11,621048,0,8405404,0.23,13.53,0,1344003,1994745,3174592635,0,0,0,0,0,0
2026-07-29T00:19:40-04:00,1785298780.844,3194.0,rebuilding,d1f93aa0cf46f30b50b7c808d9b97f45,mr,11,0.73,0.56,0.53,96,67,1351877152,2013265920,31.62,42358,16760163,0,0,0,0,0,0.0,0,0,0,0.0,,0,0,0,0,0,0,0,0,0,0
2026-07-29T00:19:40-04:00,1785298780.844,3194.0,rebuilding,d4bf7949f79fd89363109b965457f2c4,dir,6,2.44,5.94,5.03,97,52,1053923904,2013265920,21.44,43883,21099561,0,0,2090103,0,3902399,102.19,457816,0,6626872,0.1,14.47,0,994964,1679418,2564388665,0,0,0,0,0,0
2026-07-29T00:19:40-04:00,1785298780.844,3194.0,rebuilding,f079abb8520cc2abe929aef1be71de3a,dir,23,7.19,7.12,6.47,97,44,899446784,2013265920,25.34,57019,30148691,0,0,2092655,1,4467856,100.4,526224,1,10281132,0.16,19.54,0,1134268,1621362,2624022567,2,0,0,0,0,0
2026-07-29T00:20:47-04:00,1785298847.356,3260.5,rebuilding,03630dbf8bbeb4b9593591c3d088c86a,dir,10,1.73,1.94,1.72,97,42,861945168,2013265920,25.99,45872,20647433,0,0,2947707,0,4788363,47.06,669644,0,9510754,0.09,14.2,0,1479657,2000572,3189079796,0,0,0,0,0,0
2026-07-29T00:20:47-04:00,1785298847.356,3260.5,rebuilding,2b48e7468691103c7d0719a1e8eba6b8,mr,4,0.84,0.44,0.42,96,54,1104441792,2013265920,32.12,33960,9493256,0,0,0,0,0,0.0,0,0,0,0.0,,0,0,0,0,0,0,0,0,0,0
2026-07-29T00:20:47-04:00,1785298847.356,3260.5,rebuilding,926f51bc44e9afb28bd9f4eff0246612,mr,4,0.1,0.24,0.33,95,68,1375640576,2013265920,32.02,24876,10777192,0,0,0,0,0,0.0,0,0,0,0.0,,0,0,0,0,0,0,0,0,0,0
2026-07-29T00:20:47-04:00,1785298847.356,3260.5,rebuilding,c8b55bedfd9f0fe3807e0750eda622d5,dir,19,1.54,1.69,1.99,97,64,1297524224,2013265920,25.94,47706,22474836,0,0,2926578,0,5409916,48.73,621063,0,8406231,0.23,13.54,0,1344003,1994745,3181330533,0,0,0,0,0,0
2026-07-29T00:20:47-04:00,1785298847.356,3260.5,rebuilding,d1f93aa0cf46f30b50b7c808d9b97f45,mr,1,0.38,0.49,0.5,96,72,1456734752,2013265920,31.52,42358,16760163,0,0,0,0,0,0.0,0,0,0,0.0,,0,0,0,0,0,0,0,0,0,0
2026-07-29T00:20:47-04:00,1785298847.356,3260.5,rebuilding,d4bf7949f79fd89363109b965457f2c4,dir,16,10.88,7.49,5.61,98,43,884615560,2013265920,21.72,43885,21099605,0,0,2094973,0,3907357,73.22,457820,0,6627384,0.06,14.48,0,994964,1679418,2574037478,0,0,0,0,0,0
2026-07-29T00:20:47-04:00,1785298847.356,3260.5,rebuilding,f079abb8520cc2abe929aef1be71de3a,dir,17,16.21,9.6,7.36,97,43,870456816,2013265920,25.18,57021,30173985,0,0,2097414,1,4477739,71.55,526236,0,10312990,0.18,19.6,0,1134269,1703418,2565336479,0,0,0,0,0,0
2026-07-29T00:21:54-04:00,1785298914.762,3327.9,rebuilding,03630dbf8bbeb4b9593591c3d088c86a,dir,4,0.77,1.63,1.63,97,42,861649424,2013265920,26.28,45873,20647588,0,0,2952647,0,4790244,73.29,669656,0,9512444,0.18,14.2,0,1479657,2000572,3202075990,0,0,0,1,0,0
2026-07-29T00:21:54-04:00,1785298914.762,3327.9,rebuilding,2b48e7468691103c7d0719a1e8eba6b8,mr,2,0.66,0.49,0.44,95,58,1178890688,2013265920,32.16,33960,9493256,0,0,0,0,0,0.0,0,0,0,0.0,,0,0,0,0,0,0,0,0,0,0
2026-07-29T00:21:54-04:00,1785298914.762,3327.9,rebuilding,926f51bc44e9afb28bd9f4eff0246612,mr,2,0.31,0.3,0.34,96,71,1447992320,2013265920,32.07,24876,10777192,0,0,0,0,0,0.0,0,0,0,0.0,,0,0,0,0,0,0,0,0,0,0
2026-07-29T00:21:54-04:00,1785298914.762,3327.9,rebuilding,c8b55bedfd9f0fe3807e0750eda622d5,dir,16,2.65,2.01,2.08,97,55,1112211464,2013265920,26.22,47708,22474982,0,0,2931522,0,5413511,73.35,621069,0,8406254,0.09,13.54,0,1344003,1994745,3194000862,0,0,0,0,0,0
2026-07-29T00:21:54-04:00,1785298914.762,3327.9,rebuilding,d1f93aa0cf46f30b50b7c808d9b97f45,mr,1,0.4,0.49,0.5,97,19,394781320,2013265920,31.56,42359,16760667,0,0,0,0,0,0.0,0,0,0,0.0,,0,0,0,0,0,0,0,0,0,0
2026-07-29T00:21:54-04:00,1785298914.762,3327.9,rebuilding,d4bf7949f79fd89363109b965457f2c4,dir,5,4.29,6.29,5.34,97,49,992679192,2013265920,22.14,43887,21101372,0,0,2102423,0,3914170,110.52,457828,0,6630190,0.12,14.48,0,994964,1679418,2593350625,0,0,0,0,0,0
2026-07-29T00:21:54-04:00,1785298914.762,3327.9,rebuilding,f079abb8520cc2abe929aef1be71de3a,dir,16,6.27,7.94,6.94,97,40,815779312,2013265920,25.6,57029,30174165,0,0,2104910,1,4483503,111.21,526240,0,10312990,0.06,19.6,0,1134269,1703418,2584026256,0,0,0,0,0,0
2026-07-29T00:23:03-04:00,1785298983.191,3396.4,rebuilding,03630dbf8bbeb4b9593591c3d088c86a,dir,21,1.36,1.67,1.64,97,57,1150509056,2013265920,26.46,45874,20647636,0,0,2955747,0,4792512,45.3,669668,0,9516230,0.18,14.21,0,1479657,2000572,3209453930,0,0,0,0,0,0
2026-07-29T00:23:03-04:00,1785298983.191,3396.4,rebuilding,2b48e7468691103c7d0719a1e8eba6b8,mr,4,1.21,0.67,0.5,97,62,1252291008,2013265920,32.22,33960,9493256,0,0,0,0,0,0.0,0,0,0,0.0,,0,0,0,0,0,0,0,0,0,0
2026-07-29T00:23:03-04:00,1785298983.191,3396.4,rebuilding,926f51bc44e9afb28bd9f4eff0246612,mr,7,0.23,0.29,0.34,97,15,320639368,2013265920,32.12,24877,10777710,0,0,0,0,0,0.0,0,0,0,0.0,,0,0,0,0,0,0,0,0,0,0
2026-07-29T00:23:03-04:00,1785298983.191,3396.4,rebuilding,c8b55bedfd9f0fe3807e0750eda622d5,dir,19,1.44,1.77,1.99,97,40,820606632,2013265920,26.74,47712,22476340,0,0,2934565,0,5415482,44.47,621090,0,8407868,0.31,13.54,0,1344004,2124855,3254536889,0,0,0,0,0,0
2026-07-29T00:23:03-04:00,1785298983.191,3396.4,rebuilding,d1f93aa0cf46f30b50b7c808d9b97f45,mr,9,0.97,0.65,0.56,97,19,397336432,2013265920,31.59,42360,16761261,0,0,0,0,0,0.0,0,0,0,0.0,,0,0,0,0,0,0,0,0,0,0
2026-07-29T00:23:03-04:00,1785298983.191,3396.4,rebuilding,d4bf7949f79fd89363109b965457f2c4,dir,13,3.06,5.5,5.13,97,41,827541296,2013265920,22.39,43889,21101426,0,0,2106669,1,3916756,62.05,457836,0,6631260,0.12,14.48,0,994964,1679418,2603574747,0,0,0,1,0,0
2026-07-29T00:23:03-04:00,1785298983.191,3396.4,rebuilding,f079abb8520cc2abe929aef1be71de3a,dir,37,4.36,7.01,6.68,97,46,939632000,2013265920,25.87,57033,30175199,0,0,2109427,1,4486826,66.01,526254,0,10315229,0.2,19.6,0,1134269,1703418,2595419277,0,0,0,0,0,0
2026-07-29T00:24:07-04:00,1785299047.177,3460.4,rebuilding,03630dbf8bbeb4b9593591c3d088c86a,dir,50,2.29,1.95,1.74,96,53,1081085968,2013265920,23.69,45878,20649015,0,0,2961715,0,4796567,93.27,669683,0,9517010,0.23,14.21,0,1479659,2123308,3272467476,0,0,0,0,0,0
2026-07-29T00:24:07-04:00,1785299047.177,3460.4,rebuilding,2b48e7468691103c7d0719a1e8eba6b8,mr,4,1.15,0.7,0.51,94,65,1321497024,2013265920,32.26,33960,9493256,0,0,0,0,0,0.0,0,0,0,0.0,,0,0,0,0,0,0,0,0,0,0
2026-07-29T00:24:07-04:00,1785299047.177,3460.4,rebuilding,926f51bc44e9afb28bd9f4eff0246612,mr,41,1.21,0.52,0.41,97,14,295093000,2013265920,32.17,24878,10778309,0,0,0,0,0,0.0,0,0,0,0.0,,0,0,0,0,0,0,0,0,0,0
2026-07-29T00:24:07-04:00,1785299047.177,3460.4,rebuilding,c8b55bedfd9f0fe3807e0750eda622d5,dir,40,1.11,1.62,1.92,97,47,957578240,2013265920,23.67,47714,22477676,0,0,2940537,0,5420019,93.33,621099,0,8410789,0.14,13.54,0,1344005,2132910,3270461097,0,0,0,0,0,0
2026-07-29T00:24:07-04:00,1785299047.177,3460.4,rebuilding,d1f93aa0cf46f30b50b7c808d9b97f45,mr,45,0.83,0.64,0.56,97,24,489611112,2013265920,31.61,42360,16761261,0,0,0,0,0,0.0,0,0,0,0.0,,0,0,0,0,0,0,0,0,0,0
2026-07-29T00:24:07-04:00,1785299047.177,3460.4,rebuilding,d4bf7949f79fd89363109b965457f2c4,dir,61,3.0,5.1,5.02,97,54,1095198896,2013265920,23.13,43893,21102636,0,0,2115964,0,3923489,145.27,457846,0,6634809,0.16,14.49,0,994965,1760241,2656213103,0,0,0,0,0,0
2026-07-29T00:24:07-04:00,1785299047.177,3460.4,rebuilding,f079abb8520cc2abe929aef1be71de3a,dir,97,6.35,6.9,6.66,97,38,768279024,2013265920,23.31,57041,30178281,0,0,2118412,1,4496743,140.42,526260,0,10318337,0.09,19.61,0,1134270,1784541,2668268416,0,0,0,0,0,0
2026-07-29T00:25:29-04:00,1785299129.342,3542.5,rebuilding,03630dbf8bbeb4b9593591c3d088c86a,dir,7,2.25,2.02,1.78,97,63,1283639776,2013265920,24.1,45880,20650284,0,0,2968834,0,4800712,86.64,669710,0,9520906,0.33,14.22,0,1479659,2123308,3292081163,0,0,0,0,0,0
2026-07-29T00:25:29-04:00,1785299129.342,3542.5,rebuilding,2b48e7468691103c7d0719a1e8eba6b8,mr,6,0.95,0.72,0.53,95,70,1412723136,2013265920,32.11,33960,9493256,0,0,0,0,0,0.0,0,0,0,0.0,,0,0,0,0,0,0,0,0,0,0
2026-07-29T00:25:29-04:00,1785299129.342,3542.5,rebuilding,926f51bc44e9afb28bd9f4eff0246612,mr,6,1.49,0.7,0.48,96,18,381076232,2013265920,32.02,24878,10778309,0,0,0,0,0,0.0,0,0,0,0.0,,0,0,0,0,0,0,0,0,0,0
2026-07-29T00:25:29-04:00,1785299129.342,3542.5,rebuilding,c8b55bedfd9f0fe3807e0750eda622d5,dir,39,10.87,3.73,2.59,98,45,921335240,2013265920,24.09,47716,22477753,0,0,2947583,1,5424862,85.75,621108,0,8412533,0.11,13.54,0,1344005,2132910,3289494054,0,0,0,0,0,0
2026-07-29T00:25:29-04:00,1785299129.342,3542.5,rebuilding,d1f93aa0cf46f30b50b7c808d9b97f45,mr,3,1.33,0.79,0.61,96,30,610197352,2013265920,31.52,42360,16761261,0,0,0,0,0,0.0,0,0,0,0.0,,0,0,0,0,0,0,0,0,0,0
2026-07-29T00:25:29-04:00,1785299129.342,3542.5,rebuilding,d4bf7949f79fd89363109b965457f2c4,dir,33,3.77,4.82,4.92,97,43,885003304,2013265920,23.74,43897,21103070,0,0,2126650,0,3930955,130.06,457864,0,6638356,0.22,14.5,0,994965,1760241,2684393780,0,0,0,0,0,0
2026-07-29T00:25:29-04:00,1785299129.342,3542.5,rebuilding,f079abb8520cc2abe929aef1be71de3a,dir,22,10.21,7.39,6.81,92,44,888398832,2013265920,20.5,57045,30178413,0,0,2129213,1,4504925,131.45,526266,0,10319728,0.07,19.61,0,1134271,1840116,2701174299,0,0,0,0,0,0
2026-07-29T00:26:43-04:00,1785299203.62,3616.8,rebuilding,03630dbf8bbeb4b9593591c3d088c86a,dir,7,1.87,1.98,1.79,97,53,1072325632,2013265920,24.34,45882,20650379,0,0,2973173,0,4802893,58.42,669722,0,9523680,0.16,14.22,0,1479659,2123308,3301491079,0,0,0,0,0,0
2026-07-29T00:26:43-04:00,1785299203.62,3616.8,rebuilding,2b48e7468691103c7d0719a1e8eba6b8,mr,18,0.86,0.74,0.55,96,14,297456576,2013265920,32.17,33961,9493742,0,0,0,0,0,0.0,0,0,0,0.0,,0,0,0,0,0,0,0,0,0,0
2026-07-29T00:26:43-04:00,1785299203.62,3616.8,rebuilding,926f51bc44e9afb28bd9f4eff0246612,mr,1,0.86,0.68,0.48,97,23,473350920,2013265920,32.08,24878,10778309,0,0,0,0,0,0.0,0,0,0,0.0,,0,0,0,0,0,0,0,0,0,0
2026-07-29T00:26:43-04:00,1785299203.62,3616.8,rebuilding,c8b55bedfd9f0fe3807e0750eda622d5,dir,8,5.64,4.19,2.88,97,36,730836992,2013265920,24.34,47718,22479253,0,0,2952234,0,5432237,62.62,621120,0,8414739,0.16,13.55,0,1344005,2132910,3299955292,0,0,0,0,0,0
2026-07-29T00:26:43-04:00,1785299203.62,3616.8,rebuilding,d1f93aa0cf46f30b50b7c808d9b97f45,mr,4,0.91,0.77,0.62,96,36,727637864,2013265920,31.56,42360,16761261,0,0,0,0,0,0.0,0,0,0,0.0,,0,0,0,0,0,0,0,0,0,0
2026-07-29T00:26:43-04:00,1785299203.62,3616.8,rebuilding,d4bf7949f79fd89363109b965457f2c4,dir,3,2.86,4.23,4.7,97,46,945640848,2013265920,24.13,43899,21105001,0,0,2133506,0,3936869,92.3,457872,0,6639926,0.11,14.5,0,994965,1760241,2700572373,0,0,0,0,0,0
2026-07-29T00:26:43-04:00,1785299203.62,3616.8,rebuilding,f079abb8520cc2abe929aef1be71de3a,dir,15,6.35,6.63,6.58,98,34,693387248,2013265920,20.86,57048,30179977,0,0,2135757,1,4510307,88.1,526274,0,10322232,0.11,19.61,0,1134271,1840116,2715903155,0,0,0,0,0,0
2026-07-29T00:28:06-04:00,1785299286.117,3699.3,rebuilding,03630dbf8bbeb4b9593591c3d088c86a,dir,37,1.75,1.87,1.77,97,60,1210933752,2013265920,24.76,45884,20650861,0,0,2980018,0,4805763,82.97,669746,0,9524647,0.29,14.22,0,1479659,2123308,3318409561,0,0,0,0,0,0
2026-07-29T00:28:06-04:00,1785299286.117,3699.3,rebuilding,2b48e7468691103c7d0719a1e8eba6b8,mr,17,1.13,0.8,0.58,97,14,296153096,2013265920,32.23,33962,9494346,0,0,0,0,0,0.0,0,0,0,0.0,,0,0,0,0,0,0,0,0,0,0
2026-07-29T00:28:06-04:00,1785299286.117,3699.3,rebuilding,926f51bc44e9afb28bd9f4eff0246612,mr,37,1.06,0.77,0.53,97,27,562479880,2013265920,32.14,24878,10778309,0,0,0,0,0,0.0,0,0,0,0.0,,0,0,0,0,0,0,0,0,0,0
2026-07-29T00:28:06-04:00,1785299286.117,3699.3,rebuilding,c8b55bedfd9f0fe3807e0750eda622d5,dir,19,2.52,3.5,2.74,95,39,794421248,2013265920,24.75,47720,22479436,0,0,2959062,0,5437096,82.77,621129,3,8417773,0.11,13.55,0,1344005,2132910,3316713631,3,0,0,0,0,0
2026-07-29T00:28:06-04:00,1785299286.117,3699.3,rebuilding,d1f93aa0cf46f30b50b7c808d9b97f45,mr,19,1.06,0.8,0.64,96,42,849272680,2013265920,31.6,42360,16761261,0,0,0,0,0,0.0,0,0,0,0.0,,0,0,0,0,0,0,0,0,0,0
2026-07-29T00:28:06-04:00,1785299286.117,3699.3,rebuilding,d4bf7949f79fd89363109b965457f2c4,dir,22,2.24,3.74,4.48,97,40,822339584,2013265920,24.98,43904,21105458,0,0,2143661,0,3944543,123.1,457888,0,6673249,0.19,14.57,0,994966,1846263,2762173277,0,0,0,0,0,0
2026-07-29T00:28:06-04:00,1785299286.117,3699.3,rebuilding,f079abb8520cc2abe929aef1be71de3a,dir,45,3.95,5.77,6.28,95,38,766548456,2013265920,21.48,57053,30187620,0,0,2145929,1,4524732,123.3,526280,2,10324316,0.07,19.62,0,1134271,1840116,2741547696,2,0,0,0,0,0
2026-07-29T00:29:10-04:00,1785299350.776,3764.0,rebuilding,03630dbf8bbeb4b9593591c3d088c86a,dir,26,1.7,1.83,1.75,97,52,1066754560,2013265920,25.06,45886,20650953,0,0,2985276,0,4808421,81.32,669764,0,9525818,0.28,14.22,0,1479659,2123308,3329877918,0,0,0,0,0,0
2026-07-29T00:29:10-04:00,1785299350.776,3764.0,rebuilding,2b48e7468691103c7d0719a1e8eba6b8,mr,3,1.33,0.89,0.63,95,18,364310536,2013265920,32.28,33962,9494346,0,0,0,0,0,0.0,0,0,0,0.0,,0,0,0,0,0,0,0,0,0,0
2026-07-29T00:29:10-04:00,1785299350.776,3764.0,rebuilding,926f51bc44e9afb28bd9f4eff0246612,mr,35,0.92,0.75,0.54,95,31,630637320,2013265920,32.18,24878,10778309,0,0,0,0,0,0.0,0,0,0,0.0,,0,0,0,0,0,0,0,0,0,0
2026-07-29T00:29:10-04:00,1785299350.776,3764.0,rebuilding,c8b55bedfd9f0fe3807e0750eda622d5,dir,50,1.64,3.08,2.65,95,35,711795456,2013265920,25.05,47722,22480797,0,0,2964205,0,5442566,79.54,621141,0,8419994,0.19,13.56,0,1344005,2132910,3328027441,0,0,0,0,0,0
2026-07-29T00:29:10-04:00,1785299350.776,3764.0,rebuilding,d1f93aa0cf46f30b50b7c808d9b97f45,mr,8,0.76,0.73,0.63,96,46,938401640,2013265920,31.63,42360,16761261,0,0,0,0,0,0.0,0,0,0,0.0,,0,0,0,0,0,0,0,0,0,0
2026-07-29T00:29:10-04:00,1785299350.776,3764.0,rebuilding,d4bf7949f79fd89363109b965457f2c4,dir,11,1.44,3.17,4.24,97,49,1001143808,2013265920,25.43,43907,21105567,0,0,2151403,0,3948965,119.74,457900,0,6674440,0.19,14.58,0,994966,1846263,2780667017,0,0,0,0,0,0
2026-07-29T00:29:10-04:00,1785299350.776,3764.0,rebuilding,f079abb8520cc2abe929aef1be71de3a,dir,8,5.14,5.71,6.22,95,67,1360790104,2013265920,21.93,57056,30187713,0,0,2153786,1,4530417,121.51,526288,0,10327344,0.12,19.62,0,1134271,1840116,2758751386,0,0,0,0,0,0
2026-07-29T00:30:24-04:00,1785299424.201,3837.4,rebuilding,03630dbf8bbeb4b9593591c3d088c86a,dir,60,4.04,2.49,1.99,95,45,915946112,2013265920,25.28,45888,20652738,0,0,2989705,0,4812601,60.32,669779,0,9527794,0.2,14.23,0,1479659,2123308,3341289465,0,0,0,0,0,0
2026-07-29T00:30:24-04:00,1785299424.201,3837.4,rebuilding,2b48e7468691103c7d0719a1e8eba6b8,mr,16,1.39,0.96,0.67,96,22,449245192,2013265920,32.11,33962,9494346,0,0,0,0,0,0.0,0,0,0,0.0,,0,0,0,0,0,0,0,0,0,0
2026-07-29T00:30:24-04:00,1785299424.201,3837.4,rebuilding,926f51bc44e9afb28bd9f4eff0246612,mr,41,1.2,0.81,0.57,95,35,710329096,2013265920,32.03,24878,10778309,0,0,0,0,0,0.0,0,0,0,0.0,,0,0,0,0,0,0,0,0,0,0
2026-07-29T00:30:24-04:00,1785299424.201,3837.4,rebuilding,c8b55bedfd9f0fe3807e0750eda622d5,dir,43,2.9,3.14,2.7,96,63,1273832184,2013265920,25.27,47722,22480797,0,0,2968649,0,5445593,60.52,621150,0,8421104,0.12,13.56,0,1344005,2132910,3339361270,0,0,0,0,0,0
2026-07-29T00:30:24-04:00,1785299424.201,3837.4,rebuilding,d1f93aa0cf46f30b50b7c808d9b97f45,mr,4,1.57,0.9,0.68,94,52,1047453544,2013265920,31.53,42360,16761261,0,0,0,0,0,0.0,0,0,0,0.0,,0,0,0,0,0,0,0,0,0,0
2026-07-29T00:30:24-04:00,1785299424.201,3837.4,rebuilding,d4bf7949f79fd89363109b965457f2c4,dir,35,8.37,4.41,4.57,97,57,1166628880,2013265920,25.75,43909,21105674,0,0,2157974,0,3991518,89.49,457910,0,6685891,0.14,14.6,0,994966,1846263,2796062026,0,0,0,0,0,0
2026-07-29T00:30:24-04:00,1785299424.201,3837.4,rebuilding,f079abb8520cc2abe929aef1be71de3a,dir,47,8.49,6.39,6.41,94,63,1271190000,2013265920,22.26,57059,30188595,0,0,2160342,1,4539481,89.29,526294,0,10329967,0.08,19.63,0,1134271,1840116,2775643397,0,0,0,0,0,0
2026-07-29T00:31:35-04:00,1785299495.89,3909.1,rebuilding,03630dbf8bbeb4b9593591c3d088c86a,dir,8,1.66,2.08,1.89,97,64,1296579192,2013265920,25.44,45888,20652738,0,0,2991946,0,4813399,31.26,669788,0,9529372,0.13,14.23,0,1479659,2123308,3346616170,0,0,0,1,0,0
2026-07-29T00:31:35-04:00,1785299495.89,3909.1,rebuilding,2b48e7468691103c7d0719a1e8eba6b8,mr,1,0.92,0.9,0.67,96,26,533131272,2013265920,32.17,33962,9494346,0,0,0,0,0,0.0,0,0,0,0.0,,0,0,0,0,0,0,0,0,0,0
2026-07-29T00:31:35-04:00,1785299495.89,3909.1,rebuilding,926f51bc44e9afb28bd9f4eff0246612,mr,3,0.75,0.74,0.56,96,39,793166600,2013265920,32.09,24878,10778309,0,0,0,0,0,0.0,0,0,0,0.0,,0,0,0,0,0,0,0,0,0,0
2026-07-29T00:31:35-04:00,1785299495.89,3909.1,rebuilding,c8b55bedfd9f0fe3807e0750eda622d5,dir,12,2.57,2.92,2.65,97,40,822787744,2013265920,25.42,47724,22481498,0,0,2970837,0,5447383,30.52,621168,3,8423129,0.25,13.56,0,1344005,2132910,3344113089,3,0,0,2,0,0
2026-07-29T00:31:35-04:00,1785299495.89,3909.1,rebuilding,d1f93aa0cf46f30b50b7c808d9b97f45,mr,2,0.56,0.73,0.64,97,57,1156505448,2013265920,31.57,42360,16761261,0,0,0,0,0,0.0,0,0,0,0.0,,0,0,0,0,0,0,0,0,0,0
2026-07-29T00:31:35-04:00,1785299495.89,3909.1,rebuilding,d4bf7949f79fd89363109b965457f2c4,dir,4,6.69,5.47,4.97,97,41,825764864,2013265920,25.98,43913,21119787,0,0,2161233,0,4008109,45.46,457916,0,6686613,0.08,14.6,0,994966,1846263,2803424562,0,0,0,0,0,0
2026-07-29T00:31:35-04:00,1785299495.89,3909.1,rebuilding,f079abb8520cc2abe929aef1be71de3a,dir,19,7.32,6.42,6.41,97,47,950199792,2013265920,22.5,57062,30189612,0,0,2163654,1,4543976,46.2,526308,0,10331815,0.2,19.63,0,1134271,1840116,2783589011,0,0,0,2,0,0
2026-07-29T00:32:51-04:00,1785299571.538,3984.7,rebuilding,03630dbf8bbeb4b9593591c3d088c86a,dir,8,2.53,2.26,1.96,97,57,1162013184,2013265920,25.7,45890,20653377,0,0,2996466,0,4815969,59.75,669800,0,9530834,0.16,14.23,0,1479659,2123308,3357364789,3,0,0,0,0,0
2026-07-29T00:32:51-04:00,1785299571.538,3984.7,rebuilding,2b48e7468691103c7d0719a1e8eba6b8,mr,2,0.53,0.78,0.64,96,30,614920200,2013265920,32.23,33962,9494346,0,0,0,0,0,0.0,0,0,0,0.0,,0,0,0,0,0,0,0,0,0,0
2026-07-29T00:32:51-04:00,1785299571.538,3984.7,rebuilding,926f51bc44e9afb28bd9f4eff0246612,mr,2,0.36,0.63,0.53,97,43,871809800,2013265920,32.14,24878,10778309,0,0,0,0,0,0.0,0,0,0,0.0,,0,0,0,0,0,0,0,0,0,0
2026-07-29T00:32:51-04:00,1785299571.538,3984.7,rebuilding,c8b55bedfd9f0fe3807e0750eda622d5,dir,10,2.36,2.8,2.63,96,37,758505984,2013265920,25.68,47726,22482703,0,0,2975136,0,5450110,56.83,621183,0,8427157,0.2,13.57,0,1344005,2132910,3354853498,0,0,0,0,0,0
2026-07-29T00:32:51-04:00,1785299571.538,3984.7,rebuilding,d1f93aa0cf46f30b50b7c808d9b97f45,mr,2,0.39,0.65,0.62,96,62,1264508776,2013265920,31.61,42360,16761261,0,0,0,0,0,0.0,0,0,0,0.0,,0,0,0,0,0,0,0,0,0,0
2026-07-29T00:32:51-04:00,1785299571.538,3984.7,rebuilding,d4bf7949f79fd89363109b965457f2c4,dir,10,2.84,4.48,4.66,97,62,1254391808,2013265920,26.59,43920,21119909,0,0,2167698,0,4013433,85.46,457922,2,6686616,0.08,14.6,0,994967,1935060,2856172664,0,0,0,0,0,0
2026-07-29T00:32:51-04:00,1785299571.538,3984.7,rebuilding,f079abb8520cc2abe929aef1be71de3a,dir,40,7.22,6.61,6.47,97,63,1269280680,2013265920,23.09,57065,30191030,0,0,2170355,1,4552187,88.58,526316,0,10340564,0.11,19.65,0,1134272,1913094,2830712363,0,0,0,0,0,0
2026-07-29T00:34:07-04:00,1785299647.013,4060.2,rebuilding,03630dbf8bbeb4b9593591c3d088c86a,dir,34,2.29,2.24,1.98,94,56,1138912928,2013265920,22.8,45894,20654120,0,0,3000116,0,4818104,48.36,669815,0,9533643,0.2,14.23,0,1479661,2245411,3415925940,0,0,0,0,0,0
2026-07-29T00:34:07-04:00,1785299647.013,4060.2,rebuilding,2b48e7468691103c7d0719a1e8eba6b8,mr,3,0.78,0.79,0.65,96,34,695660552,2013265920,32.29,33962,9494346,0,0,0,0,0,0.0,0,0,0,0.0,,0,0,0,0,0,0,0,0,0,0
2026-07-29T00:34:07-04:00,1785299647.013,4060.2,rebuilding,926f51bc44e9afb28bd9f4eff0246612,mr,13,0.69,0.67,0.55,97,47,954647304,2013265920,32.19,24878,10778309,0,0,0,0,0,0.0,0,0,0,0.0,,0,0,0,0,0,0,0,0,0,0
2026-07-29T00:34:07-04:00,1785299647.013,4060.2,rebuilding,c8b55bedfd9f0fe3807e0750eda622d5,dir,27,2.9,2.78,2.63,96,39,804978368,2013265920,22.74,47729,22482903,0,0,2978658,0,5453207,46.66,621195,0,8428094,0.16,13.57,0,1344006,2244861,3409067326,0,0,0,0,0,0
2026-07-29T00:34:07-04:00,1785299647.013,4060.2,rebuilding,d1f93aa0cf46f30b50b7c808d9b97f45,mr,24,0.59,0.6,0.6,96,68,1372512104,2013265920,31.64,42360,16761261,0,0,0,0,0,0.0,0,0,0,0.0,,0,0,0,0,0,0,0,0,0,0
2026-07-29T00:34:07-04:00,1785299647.013,4060.2,rebuilding,d4bf7949f79fd89363109b965457f2c4,dir,22,1.11,3.58,4.33,96,60,1221226488,2013265920,26.9,43922,21120582,0,0,2173063,0,4017642,71.08,457934,0,6688552,0.16,14.61,0,994967,1935060,2868659176,0,0,0,0,0,0
2026-07-29T00:34:07-04:00,1785299647.013,4060.2,rebuilding,f079abb8520cc2abe929aef1be71de3a,dir,46,4.85,5.98,6.26,95,54,1103682544,2013265920,19.99,57069,30192881,0,0,2175833,1,4558226,72.58,526324,0,10341232,0.11,19.65,0,1134273,1922346,2848340289,0,0,0,0,0,0
2026-07-29T00:35:23-04:00,1785299723.157,4136.4,rebuilding,03630dbf8bbeb4b9593591c3d088c86a,dir,10,1.92,2.11,1.95,97,46,926215424,2013265920,23.01,45896,20655141,0,0,3003727,0,4820073,47.42,669824,0,9535011,0.12,14.24,0,1479661,2245411,3424799736,0,0,0,0,0,0
2026-07-29T00:35:23-04:00,1785299723.157,4136.4,rebuilding,2b48e7468691103c7d0719a1e8eba6b8,mr,5,0.96,0.8,0.66,94,38,779546632,2013265920,32.14,33962,9494346,0,0,0,0,0,0.0,0,0,0,0.0,,0,0,0,0,0,0,0,0,0,0
2026-07-29T00:35:23-04:00,1785299723.157,4136.4,rebuilding,926f51bc44e9afb28bd9f4eff0246612,mr,6,1.81,0.92,0.64,93,51,1034339080,2013265920,32.05,24878,10778309,0,0,0,0,0,0.0,0,0,0,0.0,,0,0,0,0,0,0,0,0,0,0
2026-07-29T00:35:23-04:00,1785299723.157,4136.4,rebuilding,c8b55bedfd9f0fe3807e0750eda622d5,dir,39,3.17,2.81,2.65,97,65,1319829184,2013265920,22.96,47729,22482903,0,0,2982303,0,5455512,47.87,621204,0,8429097,0.12,13.57,0,1344006,2244861,3418171537,0,0,0,0,0,0
2026-07-29T00:35:23-04:00,1785299723.157,4136.4,rebuilding,d1f93aa0cf46f30b50b7c808d9b97f45,mr,2,0.9,0.67,0.62,95,73,1479466856,2013265920,31.55,42360,16761261,0,0,0,0,0,0.0,0,0,0,0.0,,0,0,0,0,0,0,0,0,0,0
2026-07-29T00:35:23-04:00,1785299723.157,4136.4,rebuilding,d4bf7949f79fd89363109b965457f2c4,dir,14,2.74,3.52,4.25,97,55,1124233216,2013265920,27.22,43924,21120750,0,0,2178452,0,4020806,70.77,457940,0,6689838,0.08,14.61,0,994967,1935060,2881995499,0,0,0,0,0,0
2026-07-29T00:35:23-04:00,1785299723.157,4136.4,rebuilding,f079abb8520cc2abe929aef1be71de3a,dir,24,7.66,6.29,6.33,94,44,888433136,2013265920,20.3,57072,30194379,0,0,2181188,1,4564988,70.33,526330,0,10342325,0.08,19.65,0,1134273,1922346,2860496171,0,0,0,0,0,0
2026-07-29T00:36:30-04:00,1785299790.593,4203.8,rebuilding,03630dbf8bbeb4b9593591c3d088c86a,dir,18,3.54,2.41,2.06,97,34,688815888,2013265920,23.31,45898,20655289,0,0,3008789,1,4821951,75.06,669833,0,9535205,0.13,14.24,0,1479661,2245411,3437276860,3,0,0,1,0,0
2026-07-29T00:36:30-04:00,1785299790.593,4203.8,rebuilding,2b48e7468691103c7d0719a1e8eba6b8,mr,5,0.84,0.78,0.66,96,42,862384136,2013265920,32.18,33962,9494346,0,0,0,0,0,0.0,0,0,0,0.0,,0,0,0,0,0,0,0,0,0,0
2026-07-29T00:36:30-04:00,1785299790.593,4203.8,rebuilding,926f51bc44e9afb28bd9f4eff0246612,mr,3,0.66,0.76,0.61,95,55,1114030856,2013265920,32.1,24878,10778309,0,0,0,0,0,0.0,0,0,0,0.0,,0,0,0,0,0,0,0,0,0,0
2026-07-29T00:36:30-04:00,1785299790.593,4203.8,rebuilding,c8b55bedfd9f0fe3807e0750eda622d5,dir,8,2.45,2.65,2.6,97,61,1236273680,2013265920,23.27,47731,22484261,0,0,2987617,0,5459921,78.8,621219,0,8430810,0.22,13.57,0,1344006,2244861,3430764832,0,0,0,0,0,0
2026-07-29T00:36:30-04:00,1785299790.593,4203.8,rebuilding,d1f93aa0cf46f30b50b7c808d9b97f45,mr,3,0.96,0.7,0.63,96,21,426105440,2013265920,31.58,42361,16761845,0,0,0,0,0,0.0,0,0,0,0.0,,0,0,0,0,0,0,0,0,0,0
2026-07-29T00:36:30-04:00,1785299790.593,4203.8,rebuilding,d4bf7949f79fd89363109b965457f2c4,dir,6,1.92,3.14,4.06,97,48,981322232,2013265920,27.68,43929,21124167,0,0,2186300,0,4029550,116.38,457948,0,6695456,0.12,14.62,0,994967,1935060,2900866457,0,0,0,0,0,0
2026-07-29T00:36:30-04:00,1785299790.593,4203.8,rebuilding,f079abb8520cc2abe929aef1be71de3a,dir,15,4.09,5.49,6.05,97,42,847021312,2013265920,20.77,57076,30195895,0,0,2188874,1,4572604,113.97,526340,0,10345981,0.15,19.66,0,1134273,1922346,2879703122,0,0,0,0,0,0
2026-07-29T00:37:49-04:00,1785299869.013,4282.2,rebuilding,03630dbf8bbeb4b9593591c3d088c86a,dir,9,1.93,2.22,2.02,97,34,685859328,2013265920,23.55,45899,20657336,0,0,3013061,0,4824910,54.48,669860,0,9542134,0.34,14.24,0,1479661,2245411,3447122807,0,0,0,0,0,0
2026-07-29T00:37:49-04:00,1785299869.013,4282.2,rebuilding,2b48e7468691103c7d0719a1e8eba6b8,mr,2,0.22,0.59,0.6,96,47,947318792,2013265920,32.25,33962,9494346,0,0,0,0,0,0.0,0,0,0,0.0,,0,0,0,0,0,0,0,0,0,0
2026-07-29T00:37:49-04:00,1785299869.013,4282.2,rebuilding,926f51bc44e9afb28bd9f4eff0246612,mr,1,0.93,0.83,0.64,96,59,1198965512,2013265920,32.15,24878,10778309,0,0,0,0,0,0.0,0,0,0,0.0,,0,0,0,0,0,0,0,0,0,0
2026-07-29T00:37:49-04:00,1785299869.013,4282.2,rebuilding,c8b55bedfd9f0fe3807e0750eda622d5,dir,4,2.17,2.58,2.58,97,50,1013995512,2013265920,23.5,47733,22484339,0,0,2991760,0,5462892,52.83,621234,0,8432891,0.19,13.57,0,1344006,2244861,3440460220,0,0,0,0,0,0
2026-07-29T00:37:49-04:00,1785299869.013,4282.2,rebuilding,d1f93aa0cf46f30b50b7c808d9b97f45,mr,3,0.46,0.63,0.61,96,17,356305424,2013265920,31.62,42363,16762496,0,0,0,0,0,0.0,0,0,0,0.0,,0,0,0,0,0,0,0,0,0,0
2026-07-29T00:37:49-04:00,1785299869.013,4282.2,rebuilding,d4bf7949f79fd89363109b965457f2c4,dir,7,1.15,2.63,3.81,97,50,1020082664,2013265920,28.04,43931,21124243,0,0,2192618,0,4032969,80.57,457964,0,6696226,0.2,14.62,0,994967,1935060,2915578028,0,0,0,0,0,0
2026-07-29T00:37:49-04:00,1785299869.013,4282.2,rebuilding,f079abb8520cc2abe929aef1be71de3a,dir,20,6.18,5.75,6.09,97,38,773890560,2013265920,21.32,57086,30208683,0,0,2195231,1,4578430,81.06,526350,0,10349180,0.13,19.66,0,1134274,1996365,2925998447,0,0,0,0,0,0
2026-07-29T00:39:00-04:00,1785299940.755,4353.9,rebuilding,03630dbf8bbeb4b9593591c3d088c86a,dir,3,1.24,1.95,1.94,97,55,1111262536,2013265920,23.84,45901,20657687,0,0,3018187,0,4828090,71.45,669866,0,9542135,0.08,14.24,0,1479661,2245411,3458903559,0,0,0,0,0,0
2026-07-29T00:39:00-04:00,1785299940.755,4353.9,rebuilding,2b48e7468691103c7d0719a1e8eba6b8,mr,1,0.16,0.5,0.57,95,50,1021767688,2013265920,32.3,33962,9494346,0,0,0,0,0,0.0,0,0,0,0.0,,0,0,0,0,0,0,0,0,0,0
2026-07-29T00:39:00-04:00,1785299940.755,4353.9,rebuilding,926f51bc44e9afb28bd9f4eff0246612,mr,3,0.26,0.64,0.59,96,63,1271317256,2013265920,32.2,24878,10778309,0,0,0,0,0,0.0,0,0,0,0.0,,0,0,0,0,0,0,0,0,0,0
2026-07-29T00:39:00-04:00,1785299940.755,4353.9,rebuilding,c8b55bedfd9f0fe3807e0750eda622d5,dir,7,2.19,2.54,2.57,97,47,966085632,2013265920,23.79,47735,22487900,0,0,2996936,0,5473856,72.15,621258,0,8435193,0.33,13.58,0,1344006,2244861,3454904206,0,0,0,0,0,0
2026-07-29T00:39:00-04:00,1785299940.755,4353.9,rebuilding,d1f93aa0cf46f30b50b7c808d9b97f45,mr,2,0.19,0.51,0.57,96,22,462211600,2013265920,31.65,42363,16762496,0,0,0,0,0,0.0,0,0,0,0.0,,0,0,0,0,0,0,0,0,0,0
2026-07-29T00:39:00-04:00,1785299940.755,4353.9,rebuilding,d4bf7949f79fd89363109b965457f2c4,dir,8,2.48,2.7,3.74,97,47,957317632,2013265920,28.71,43935,21124457,0,0,2200439,0,4037977,109.02,457968,0,6696260,0.06,14.62,0,994968,2021055,2969863178,0,0,0,0,0,0
2026-07-29T00:39:00-04:00,1785299940.755,4353.9,rebuilding,f079abb8520cc2abe929aef1be71de3a,dir,16,3.94,5.16,5.85,97,37,755101728,2013265920,21.76,57090,30210120,0,0,2203002,1,4601489,108.32,526366,0,10352261,0.22,19.67,0,1134274,1996365,2944126128,0,0,0,0,0,0
2026-07-29T00:40:26-04:00,1785300026.944,4440.1,rebuilding,03630dbf8bbeb4b9593591c3d088c86a,dir,9,2.82,2.08,1.98,96,45,923874304,2013265920,12.5,45903,20657773,0,0,3018187,0,4828090,0.0,669876,0,9543190,0.12,14.25,0,1479663,1375054,1681099578,0,0,0,0,0,0
2026-07-29T00:40:26-04:00,1785300026.944,4440.1,rebuilding,2b48e7468691103c7d0719a1e8eba6b8,mr,9,0.92,0.62,0.6,95,55,1117188104,2013265920,32.15,33962,9494346,0,0,0,0,0,0.0,0,0,0,0.0,,0,0,0,0,0,0,0,0,0,0
2026-07-29T00:40:26-04:00,1785300026.944,4440.1,rebuilding,926f51bc44e9afb28bd9f4eff0246612,mr,5,0.73,0.7,0.61,95,67,1367786248,2013265920,32.07,24878,10778309,0,0,0,0,0,0.0,0,0,0,0.0,,0,0,0,0,0,0,0,0,0,0
2026-07-29T00:40:26-04:00,1785300026.944,4440.1,rebuilding,c8b55bedfd9f0fe3807e0750eda622d5,dir,14,2.14,2.44,2.53,97,41,828693800,2013265920,12.49,47737,22488084,0,0,2996936,0,5473856,0.0,621274,0,8437851,0.19,13.58,0,1344008,1374408,1681299460,0,0,0,0,0,0
2026-07-29T00:40:26-04:00,1785300026.944,4440.1,rebuilding,d1f93aa0cf46f30b50b7c808d9b97f45,mr,2,0.64,0.55,0.58,95,29,589089296,2013265920,31.57,42363,16762496,0,0,0,0,0,0.0,0,0,0,0.0,,0,0,0,0,0,0,0,0,0,0
2026-07-29T00:40:26-04:00,1785300026.944,4440.1,rebuilding,d4bf7949f79fd89363109b965457f2c4,dir,10,2.16,2.44,3.55,96,66,1336120320,2013265920,21.21,43937,21125107,0,0,2200439,0,4037977,0.0,457983,0,6698340,0.17,14.63,0,994971,1463688,1792719172,0,0,0,0,0,0
2026-07-29T00:40:26-04:00,1785300026.944,4440.1,rebuilding,f079abb8520cc2abe929aef1be71de3a,dir,34,5.75,5.32,5.84,97,29,589581472,2013265920,14.43,57093,30210304,0,0,2203002,1,4601489,0.0,526384,1,10358324,0.21,19.68,0,1134277,1464333,1793421794,0,0,0,0,0,0
2026-07-29T00:41:32-04:00,1785300092.381,4505.5,finished,03630dbf8bbeb4b9593591c3d088c86a,dir,6,0.95,1.67,1.84,97,53,1068577784,2013265920,12.5,45903,20657773,0,0,3018187,0,4828090,0.0,669890,0,9543824,0.21,14.25,0,1479663,1375054,1681099578,0,0,0,0,0,0
2026-07-29T00:41:32-04:00,1785300092.381,4505.5,finished,2b48e7468691103c7d0719a1e8eba6b8,mr,0,0.31,0.5,0.55,96,59,1197928456,2013265920,32.2,33962,9494346,0,0,0,0,0,0.0,0,0,0,0.0,,0,0,0,0,0,0,0,0,0,0
2026-07-29T00:41:32-04:00,1785300092.381,4505.5,finished,926f51bc44e9afb28bd9f4eff0246612,mr,7,0.32,0.57,0.57,96,71,1445380872,2013265920,32.0,24878,10778309,0,0,0,0,0,0.0,0,0,0,0.0,,0,0,0,0,0,0,0,0,0,0
2026-07-29T00:41:32-04:00,1785300092.381,4505.5,finished,c8b55bedfd9f0fe3807e0750eda622d5,dir,9,1.45,2.16,2.43,97,47,957668648,2013265920,12.49,47737,22488084,0,0,2996936,0,5473856,0.0,621294,0,8438303,0.31,13.58,0,1344008,1374408,1681299460,0,0,0,0,0,0
2026-07-29T00:41:32-04:00,1785300092.381,4505.5,finished,d1f93aa0cf46f30b50b7c808d9b97f45,mr,5,0.33,0.47,0.54,97,34,691849744,2013265920,31.6,42363,16762496,0,0,0,0,0,0.0,0,0,0,0.0,,0,0,0,0,0,0,0,0,0,0
2026-07-29T00:41:32-04:00,1785300092.381,4505.5,finished,d4bf7949f79fd89363109b965457f2c4,dir,35,1.2,2.09,3.35,97,36,741560400,2013265920,21.21,43938,21125216,0,0,2200439,0,4037977,0.0,458004,0,6699724,0.32,14.63,0,994971,1463688,1792719172,0,0,0,0,0,0
2026-07-29T00:41:32-04:00,1785300092.381,4505.5,finished,f079abb8520cc2abe929aef1be71de3a,dir,28,3.44,4.69,5.58,98,38,770985120,2013265920,14.43,57093,30210304,0,0,2203002,1,4601489,0.0,526415,0,10361540,0.47,19.68,0,1134277,1464333,1793421794,0,0,0,0,0,0
2026-07-29T00:42:36-04:00,1785300156.215,4569.4,finished,03630dbf8bbeb4b9593591c3d088c86a,dir,1,0.62,1.42,1.74,97,58,1177629688,2013265920,12.5,45903,20657773,0,0,3018187,0,4828090,0.0,669901,0,9544024,0.17,14.25,0,1479663,1375054,1681099578,0,0,0,0,0,0
2026-07-29T00:42:36-04:00,1785300156.215,4569.4,finished,2b48e7468691103c7d0719a1e8eba6b8,mr,4,1.0,0.66,0.61,96,62,1266085896,2013265920,32.17,33962,9494346,0,0,0,0,0,0.0,0,0,0,0.0,,0,0,0,0,0,0,0,0,0,0
2026-07-29T00:42:36-04:00,1785300156.215,4569.4,finished,926f51bc44e9afb28bd9f4eff0246612,mr,23,0.3,0.51,0.55,97,15,308993008,2013265920,32.05,24879,10778835,0,0,0,0,0,0.0,0,0,0,0.0,,0,0,0,0,0,0,0,0,0,0
2026-07-29T00:42:36-04:00,1785300156.215,4569.4,finished,c8b55bedfd9f0fe3807e0750eda622d5,dir,8,0.94,1.88,2.31,97,53,1079303464,2013265920,12.49,47737,22488084,0,0,2996936,0,5473856,0.0,621304,0,8438907,0.16,13.58,0,1344008,1374408,1681299460,0,0,0,0,0,0
2026-07-29T00:42:36-04:00,1785300156.215,4569.4,finished,d1f93aa0cf46f30b50b7c808d9b97f45,mr,3,0.31,0.44,0.53,96,39,788318736,2013265920,31.63,42363,16762496,0,0,0,0,0,0.0,0,0,0,0.0,,0,0,0,0,0,0,0,0,0,0
2026-07-29T00:42:36-04:00,1785300156.215,4569.4,finished,d4bf7949f79fd89363109b965457f2c4,dir,6,1.73,2.05,3.25,97,44,889409608,2013265920,21.21,43938,21125216,0,0,2200439,0,4037977,0.0,458019,0,6700334,0.23,14.63,0,994971,1463688,1792719172,0,0,0,0,0,0
2026-07-29T00:42:36-04:00,1785300156.215,4569.4,finished,f079abb8520cc2abe929aef1be71de3a,dir,18,1.77,3.96,5.27,97,45,919882912,2013265920,14.43,57093,30210304,0,0,2203002,1,4601489,0.0,526432,0,10362977,0.27,19.69,0,1134277,1464333,1793421794,0,0,0,0,0,0
2026-07-29T00:43:41-04:00,1785300221.628,4634.8,finished,03630dbf8bbeb4b9593591c3d088c86a,dir,2,0.51,1.24,1.65,97,64,1292973048,2013265920,12.5,45903,20657773,0,0,3018187,0,4828090,0.0,669911,0,9544271,0.15,14.25,0,1479663,1375054,1681099578,0,0,0,0,0,0
2026-07-29T00:43:41-04:00,1785300221.628,4634.8,finished,2b48e7468691103c7d0719a1e8eba6b8,mr,1,0.88,0.67,0.61,96,66,1336340488,2013265920,32.22,33962,9494346,0,0,0,0,0,0.0,0,0,0,0.0,,0,0,0,0,0,0,0,0,0,0
2026-07-29T00:43:41-04:00,1785300221.628,4634.8,finished,926f51bc44e9afb28bd9f4eff0246612,mr,1,0.35,0.49,0.54,95,14,285453640,2013265920,32.09,24880,10779416,0,0,0,0,0,0.0,0,0,0,0.0,,0,0,0,0,0,0,0,0,0,0
2026-07-29T00:43:41-04:00,1785300221.628,4634.8,finished,c8b55bedfd9f0fe3807e0750eda622d5,dir,3,0.61,1.62,2.19,97,60,1218764072,2013265920,12.49,47737,22488084,0,0,2996936,0,5473856,0.0,621318,0,8439236,0.21,13.58,0,1344008,1374408,1681299460,0,0,0,0,0,0
2026-07-29T00:43:41-04:00,1785300221.628,4634.8,finished,d1f93aa0cf46f30b50b7c808d9b97f45,mr,2,0.11,0.36,0.49,96,43,885836304,2013265920,31.66,42363,16762496,0,0,0,0,0,0.0,0,0,0,0.0,,0,0,0,0,0,0,0,0,0,0
2026-07-29T00:43:41-04:00,1785300221.628,4634.8,finished,d4bf7949f79fd89363109b965457f2c4,dir,3,1.53,1.91,3.12,97,50,1024675904,2013265920,21.21,43938,21125216,0,0,2200439,0,4037977,0.0,458035,0,6700906,0.24,14.63,0,994971,1463688,1792719172,0,0,0,0,0,0
2026-07-29T00:43:41-04:00,1785300221.628,4634.8,finished,f079abb8520cc2abe929aef1be71de3a,dir,15,0.94,3.33,4.97,97,53,1085557920,2013265920,14.43,57093,30210304,0,0,2203002,1,4601489,0.0,526453,0,10363343,0.32,19.69,0,1134277,1464333,1793421794,0,0,0,0,0,0
